ProdutoID,Nome_Produto,Categoria,Subcategoria,Marca,Custo_Unit,Preco_Lista,Ativo,Data_Lancamento
P000001,Produto P000001,Higiene,Sabonetes,Nordic,14.2,23.7,True,2024-08-24
P000002,Produto P000002,Frios & Laticínios,Manteiga,TopBrasil,12.63,17.85,True,2024-01-19
P000003,Produto P000003,Bebidas,Cervejas,Nordic,5.97,10.73,True,2023-01-05
P000004,Produto P000004,Frios & Laticínios,Leite,ValeVerde,8.7,12.71,True,2024-02-06
P000005,Produto P000005,Frios & Laticínios,Leite,TopBrasil,5.02,7.49,True,2024-12-30
P000006,Produto P000006,Frios & Laticínios,Manteiga,Nordic,7.82,10.4,True,2024-03-06
P000007,Produto P000007,Bebidas,Águas,ValeVerde,5.4,7.11,True,2022-07-05
P000008,Produto P000008,Bebidas,Refrigerantes,ValeVerde,10.51,17.37,True,2022-01-10
P000009,Produto P000009,Limpeza,Detergentes,Nordic,10.69,19.16,False,2022-06-13
P000010,Produto P000010,Limpeza,Amaciantes,Acme,5.56,9.99,True,2024-03-13
P000011,Produto P000011,Frios & Laticínios,Iogurtes,ValeVerde,5.29,8.47,True,2023-12-22
P000012,Produto P000012,Bebidas,Energéticos,Acme,15.09,25.58,True,2024-07-11
P000013,Produto P000013,Limpeza,Esponjas,RioDoce,8.25,10.96,True,2025-02-22
P000014,Produto P000014,Frios & Laticínios,Requeijão,RioDoce,9.96,14.77,True,2023-09-09
P000015,Produto P000015,Higiene,Sabonetes,Prime+,11.27,14.53,True,2023-10-16
P000016,Produto P000016,Frios & Laticínios,Leite,SulMax,7.03,12.3,True,2024-04-17
P000017,Produto P000017,Limpeza,Desinfetantes,ValeVerde,4.75,8.18,True,2022-09-29
P000018,Produto P000018,Higiene,Sabonetes,Prime+,7.27,12.6,True,2025-05-02
P000019,Produto P000019,Bebidas,Sucos,Nordic,8.26,10.92,True,2023-06-14
P000020,Produto P000020,Frios & Laticínios,Requeijão,ValeVerde,8.5,12.63,True,2022-02-18
P000021,Produto P000021,Mercearia,Snacks,SulMax,5.4,7.04,True,2024-04-19
P000022,Produto P000022,Mercearia,Molhos,ValeVerde,7.57,10.23,True,2023-07-05
P000023,Produto P000023,Frios & Laticínios,Iogurtes,EcoVida,12.03,20.76,True,2024-02-21
P000024,Produto P000024,Higiene,Desodorantes,Acme,7.35,11.64,True,2025-01-31
P000025,Produto P000025,Frios & Laticínios,Requeijão,Acme,8.57,10.72,True,2024-08-30
P000026,Produto P000026,Limpeza,Lava-roupas,Nordic,8.28,10.52,False,2024-06-15
P000027,Produto P000027,Frios & Laticínios,Requeijão,TopBrasil,10.72,17.93,True,2023-01-24
P000028,Produto P000028,Frios & Laticínios,Iogurtes,Nordic,10.08,14.05,True,2023-09-08
P000029,Produto P000029,Bebidas,Sucos,TopBrasil,8.21,14.73,True,2022-08-10
P000030,Produto P000030,Limpeza,Esponjas,Nordic,8.3,12.29,False,2023-07-26
P000031,Produto P000031,Limpeza,Desinfetantes,ValeVerde,13.67,18.12,True,2022-09-22
P000032,Produto P000032,Higiene,Fraldas,TopBrasil,15.34,26.71,True,2024-09-17
P000033,Produto P000033,Limpeza,Desinfetantes,ValeVerde,18.18,25.85,True,2024-07-03
P000034,Produto P000034,Higiene,Fraldas,SulMax,11.64,18.1,True,2023-05-10
P000035,Produto P000035,Mercearia,Café/Chá,Prime+,24.64,34.91,True,2022-06-23
P000036,Produto P000036,Higiene,Sabonetes,TopBrasil,4.82,7.0,True,2024-02-20
P000037,Produto P000037,Bebidas,Energéticos,SulMax,3.77,6.27,True,2025-02-27
P000038,Produto P000038,Limpeza,Esponjas,Prime+,9.21,13.73,True,2022-09-08
P000039,Produto P000039,Bebidas,Sucos,SulMax,11.38,19.97,True,2023-08-05
P000040,Produto P000040,Higiene,Shampoo,RioDoce,14.26,18.7,True,2022-07-23
P000041,Produto P000041,Limpeza,Lava-roupas,EcoVida,11.79,20.48,True,2024-04-16
P000042,Produto P000042,Bebidas,Águas,EcoVida,6.27,9.6,True,2022-12-06
P000043,Produto P000043,Frios & Laticínios,Manteiga,ValeVerde,7.32,10.08,True,2024-12-18
P000044,Produto P000044,Bebidas,Energéticos,Nordic,17.27,23.8,True,2024-05-15
P000045,Produto P000045,Frios & Laticínios,Requeijão,Acme,8.42,14.55,True,2025-03-26
P000046,Produto P000046,Higiene,Desodorantes,Prime+,5.58,7.14,True,2024-01-25
P000047,Produto P000047,Frios & Laticínios,Iogurtes,EcoVida,8.37,12.93,True,2022-02-25
P000048,Produto P000048,Bebidas,Energéticos,Acme,7.11,12.03,False,2023-12-16
P000049,Produto P000049,Bebidas,Sucos,ValeVerde,5.74,7.64,False,2023-04-03
P000050,Produto P000050,Higiene,Fraldas,TopBrasil,11.14,16.77,True,2024-06-24
P000051,Produto P000051,Frios & Laticínios,Leite,Nordic,10.81,16.42,True,2022-10-09
P000052,Produto P000052,Bebidas,Cervejas,Prime+,13.46,21.78,True,2024-08-15
P000053,Produto P000053,Higiene,Fraldas,Prime+,5.85,8.26,True,2022-05-25
P000054,Produto P000054,Mercearia,Enlatados,EcoVida,16.38,28.44,True,2023-05-24
P000055,Produto P000055,Limpeza,Esponjas,Prime+,6.44,8.16,True,2022-10-20
P000056,Produto P000056,Mercearia,Massas,Acme,4.12,5.24,True,2022-02-28
P000057,Produto P000057,Mercearia,Molhos,Nordic,12.79,22.23,True,2024-12-04
P000058,Produto P000058,Bebidas,Águas,EcoVida,14.34,25.22,True,2024-02-19
P000059,Produto P000059,Frios & Laticínios,Leite,SulMax,12.41,18.09,True,2024-11-07
P000060,Produto P000060,Mercearia,Molhos,Nordic,5.1,6.77,True,2023-10-13
P000061,Produto P000061,Bebidas,Cervejas,Prime+,7.88,10.67,True,2024-07-11
P000062,Produto P000062,Bebidas,Energéticos,EcoVida,4.81,7.35,True,2022-06-30
P000063,Produto P000063,Frios & Laticínios,Requeijão,Nordic,6.07,8.37,True,2023-04-05
P000064,Produto P000064,Bebidas,Águas,ValeVerde,6.17,8.96,True,2024-09-26
P000065,Produto P000065,Bebidas,Águas,SulMax,5.19,7.2,True,2023-08-12
P000066,Produto P000066,Higiene,Desodorantes,Acme,3.13,5.47,True,2022-03-12
P000067,Produto P000067,Higiene,Pasta de dente,RioDoce,6.85,11.53,True,2022-01-26
P000068,Produto P000068,Mercearia,Massas,SulMax,12.84,21.92,True,2023-09-05
P000069,Produto P000069,Limpeza,Esponjas,RioDoce,5.75,8.86,True,2023-04-28
P000070,Produto P000070,Higiene,Fraldas,Prime+,6.43,10.19,True,2022-12-12
P000071,Produto P000071,Higiene,Sabonetes,RioDoce,8.79,11.68,True,2024-06-09
P000072,Produto P000072,Bebidas,Águas,Nordic,12.87,21.55,True,2022-06-03
P000073,Produto P000073,Limpeza,Esponjas,TopBrasil,16.55,21.12,True,2024-01-21
P000074,Produto P000074,Mercearia,Snacks,ValeVerde,4.45,7.57,True,2025-04-20
P000075,Produto P000075,Limpeza,Esponjas,Nordic,15.09,22.19,True,2024-04-24
P000076,Produto P000076,Mercearia,Snacks,Acme,4.49,7.64,True,2025-01-12
P000077,Produto P000077,Frios & Laticínios,Leite,Prime+,4.11,5.96,True,2022-02-14
P000078,Produto P000078,Mercearia,Molhos,SulMax,7.0,9.39,True,2025-06-24
P000079,Produto P000079,Limpeza,Detergentes,RioDoce,10.95,17.18,True,2022-01-03
P000080,Produto P000080,Mercearia,Snacks,RioDoce,12.33,20.25,False,2023-04-11
P000081,Produto P000081,Bebidas,Refrigerantes,TopBrasil,7.93,12.72,True,2024-11-20
P000082,Produto P000082,Frios & Laticínios,Queijos,Acme,3.04,4.12,True,2024-02-10
P000083,Produto P000083,Frios & Laticínios,Manteiga,Nordic,12.48,18.55,True,2022-07-11
P000084,Produto P000084,Bebidas,Refrigerantes,EcoVida,6.02,9.57,True,2024-02-20
P000085,Produto P000085,Bebidas,Sucos,EcoVida,4.75,8.3,True,2025-06-30
P000086,Produto P000086,Mercearia,Massas,Prime+,13.5,22.28,True,2022-12-30
P000087,Produto P000087,Mercearia,Enlatados,SulMax,7.99,13.18,True,2024-09-15
P000088,Produto P000088,Frios & Laticínios,Queijos,RioDoce,17.91,28.33,True,2023-09-04
P000089,Produto P000089,Higiene,Pasta de dente,SulMax,10.29,13.19,True,2022-04-05
P000090,Produto P000090,Bebidas,Refrigerantes,Acme,11.18,14.84,True,2022-05-15
P000091,Produto P000091,Bebidas,Cervejas,TopBrasil,11.02,15.48,True,2023-01-20
P000092,Produto P000092,Mercearia,Massas,Acme,10.45,18.17,True,2022-06-01
P000093,Produto P000093,Higiene,Pasta de dente,SulMax,9.51,14.77,True,2023-12-25
P000094,Produto P000094,Frios & Laticínios,Iogurtes,TopBrasil,5.76,7.35,True,2022-11-19
P000095,Produto P000095,Higiene,Fraldas,Prime+,8.87,12.77,True,2023-02-16
P000096,Produto P000096,Bebidas,Refrigerantes,RioDoce,4.39,7.85,True,2022-06-04
P000097,Produto P000097,Frios & Laticínios,Queijos,SulMax,7.35,11.08,True,2023-12-29
P000098,Produto P000098,Mercearia,Café/Chá,Nordic,16.01,22.15,True,2022-05-11
P000099,Produto P000099,Higiene,Pasta de dente,EcoVida,4.29,5.92,True,2022-02-08
P000100,Produto P000100,Limpeza,Lava-roupas,Prime+,14.66,22.63,True,2023-03-13
P000101,Produto P000101,Higiene,Desodorantes,Prime+,17.68,29.01,False,2023-01-13
P000102,Produto P000102,Mercearia,Snacks,EcoVida,8.35,10.77,True,2025-01-19
P000103,Produto P000103,Mercearia,Molhos,Acme,10.42,14.41,True,2022-09-17
P000104,Produto P000104,Mercearia,Massas,Acme,9.32,11.97,True,2024-01-30
P000105,Produto P000105,Higiene,Shampoo,EcoVida,7.32,12.37,True,2023-07-04
P000106,Produto P000106,Frios & Laticínios,Requeijão,Nordic,13.36,20.29,True,2022-12-17
P000107,Produto P000107,Higiene,Desodorantes,Prime+,4.62,7.59,True,2024-02-15
P000108,Produto P000108,Bebidas,Cervejas,SulMax,6.35,9.05,True,2024-11-05
P000109,Produto P000109,Frios & Laticínios,Iogurtes,TopBrasil,12.26,15.7,True,2024-01-27
P000110,Produto P000110,Higiene,Pasta de dente,EcoVida,7.76,10.9,True,2023-08-12
P000111,Produto P000111,Limpeza,Desinfetantes,EcoVida,9.45,13.26,True,2024-04-20
P000112,Produto P000112,Bebidas,Águas,RioDoce,24.49,30.65,True,2025-01-31
P000113,Produto P000113,Mercearia,Massas,Prime+,9.77,15.89,True,2025-02-16
P000114,Produto P000114,Higiene,Sabonetes,Acme,2.57,4.28,True,2022-01-24
P000115,Produto P000115,Higiene,Sabonetes,Nordic,7.37,12.16,True,2023-02-27
P000116,Produto P000116,Limpeza,Esponjas,TopBrasil,7.37,11.05,True,2023-10-10
P000117,Produto P000117,Higiene,Desodorantes,ValeVerde,3.04,4.1,True,2025-01-23
P000118,Produto P000118,Higiene,Shampoo,SulMax,18.63,25.74,True,2023-09-03
P000119,Produto P000119,Higiene,Pasta de dente,SulMax,4.14,7.28,True,2023-04-22
P000120,Produto P000120,Bebidas,Cervejas,Nordic,7.18,11.79,True,2025-05-13
P000121,Produto P000121,Bebidas,Águas,EcoVida,3.1,5.15,True,2024-02-01
P000122,Produto P000122,Mercearia,Massas,RioDoce,7.14,10.88,True,2024-02-17
P000123,Produto P000123,Limpeza,Esponjas,Acme,10.97,13.79,True,2022-01-17
P000124,Produto P000124,Bebidas,Energéticos,Prime+,9.5,12.55,True,2022-09-10
P000125,Produto P000125,Higiene,Shampoo,Acme,17.45,30.75,True,2022-01-10
P000126,Produto P000126,Mercearia,Café/Chá,Nordic,7.45,11.38,True,2023-03-23
P000127,Produto P000127,Mercearia,Massas,Acme,11.57,17.83,True,2024-05-13
P000128,Produto P000128,Mercearia,Enlatados,RioDoce,10.35,14.59,True,2022-06-07
P000129,Produto P000129,Frios & Laticínios,Leite,Nordic,7.43,10.22,True,2024-09-12
P000130,Produto P000130,Limpeza,Desinfetantes,RioDoce,13.07,22.81,True,2023-04-28
P000131,Produto P000131,Frios & Laticínios,Manteiga,TopBrasil,7.51,12.17,True,2023-07-15
P000132,Produto P000132,Mercearia,Enlatados,SulMax,17.46,29.89,False,2022-03-10
P000133,Produto P000133,Limpeza,Esponjas,Nordic,3.69,5.81,True,2025-01-14
P000134,Produto P000134,Higiene,Shampoo,Prime+,15.88,24.29,True,2024-09-13
P000135,Produto P000135,Mercearia,Massas,ValeVerde,8.67,13.44,True,2024-09-04
P000136,Produto P000136,Mercearia,Molhos,SulMax,11.12,18.8,True,2024-06-07
P000137,Produto P000137,Limpeza,Esponjas,EcoVida,8.82,14.67,True,2024-12-16
P000138,Produto P000138,Frios & Laticínios,Iogurtes,Nordic,7.69,10.41,True,2023-06-20
P000139,Produto P000139,Bebidas,Águas,EcoVida,15.6,20.14,True,2024-08-06
P000140,Produto P000140,Limpeza,Lava-roupas,ValeVerde,14.51,19.97,True,2024-07-21
P000141,Produto P000141,Frios & Laticínios,Requeijão,RioDoce,8.55,13.64,True,2022-01-05
P000142,Produto P000142,Mercearia,Enlatados,Nordic,13.25,17.93,True,2024-07-05
P000143,Produto P000143,Bebidas,Águas,TopBrasil,3.16,4.87,True,2023-01-05
P000144,Produto P000144,Limpeza,Lava-roupas,ValeVerde,6.54,11.51,True,2024-07-02
P000145,Produto P000145,Frios & Laticínios,Iogurtes,Nordic,3.92,6.02,True,2023-10-27
P000146,Produto P000146,Mercearia,Snacks,Prime+,9.93,14.98,True,2024-04-10
P000147,Produto P000147,Limpeza,Esponjas,Nordic,6.7,9.59,True,2024-04-28
P000148,Produto P000148,Frios & Laticínios,Iogurtes,TopBrasil,8.6,12.45,True,2023-11-03
P000149,Produto P000149,Bebidas,Cervejas,Prime+,6.49,8.4,True,2023-08-30
P000150,Produto P000150,Limpeza,Esponjas,Prime+,4.33,7.08,True,2022-03-06
P000151,Produto P000151,Higiene,Desodorantes,SulMax,12.38,17.24,True,2024-01-21
P000152,Produto P000152,Limpeza,Esponjas,ValeVerde,9.62,16.7,False,2024-06-26
P000153,Produto P000153,Frios & Laticínios,Queijos,Acme,9.35,14.59,True,2022-07-14
P000154,Produto P000154,Bebidas,Refrigerantes,SulMax,8.46,13.74,True,2025-01-20
P000155,Produto P000155,Mercearia,Enlatados,EcoVida,5.52,8.05,True,2024-03-18
P000156,Produto P000156,Bebidas,Águas,TopBrasil,8.04,12.96,True,2023-07-25
P000157,Produto P000157,Mercearia,Café/Chá,Prime+,3.93,6.58,True,2023-09-20
P000158,Produto P000158,Mercearia,Massas,TopBrasil,5.21,6.76,False,2024-07-01
P000159,Produto P000159,Limpeza,Esponjas,Prime+,16.01,21.85,True,2022-10-09
P000160,Produto P000160,Bebidas,Sucos,TopBrasil,7.61,10.65,True,2024-11-24
P000161,Produto P000161,Bebidas,Energéticos,ValeVerde,4.84,7.38,True,2025-04-06
P000162,Produto P000162,Bebidas,Cervejas,Acme,10.08,12.68,True,2023-08-02
P000163,Produto P000163,Bebidas,Sucos,EcoVida,3.2,4.01,True,2023-10-31
P000164,Produto P000164,Limpeza,Detergentes,Acme,24.45,36.57,True,2022-01-03
P000165,Produto P000165,Mercearia,Molhos,Acme,7.01,12.48,True,2022-04-14
P000166,Produto P000166,Higiene,Shampoo,EcoVida,8.35,11.79,True,2024-03-04
P000167,Produto P000167,Mercearia,Molhos,Acme,8.83,11.63,True,2023-04-06
P000168,Produto P000168,Higiene,Shampoo,Acme,3.84,5.65,False,2023-06-21
P000169,Produto P000169,Higiene,Pasta de dente,SulMax,14.88,19.0,True,2023-06-01
P000170,Produto P000170,Bebidas,Águas,Nordic,10.13,15.57,True,2024-12-24
P000171,Produto P000171,Frios & Laticínios,Manteiga,RioDoce,9.33,13.84,True,2022-05-10
P000172,Produto P000172,Higiene,Fraldas,SulMax,15.88,21.48,True,2024-04-28
P000173,Produto P000173,Frios & Laticínios,Queijos,SulMax,12.43,16.96,True,2024-04-12
P000174,Produto P000174,Limpeza,Desinfetantes,RioDoce,4.53,6.75,True,2025-02-27
P000175,Produto P000175,Frios & Laticínios,Requeijão,Nordic,9.21,12.1,True,2022-06-30
P000176,Produto P000176,Frios & Laticínios,Manteiga,RioDoce,9.31,15.74,True,2022-04-12
P000177,Produto P000177,Bebidas,Energéticos,TopBrasil,9.62,16.5,True,2024-11-04
P000178,Produto P000178,Mercearia,Café/Chá,SulMax,13.49,16.94,True,2023-11-01
P000179,Produto P000179,Bebidas,Cervejas,TopBrasil,2.42,3.38,True,2022-04-01
P000180,Produto P000180,Higiene,Pasta de dente,RioDoce,17.91,25.28,False,2023-06-07
P000181,Produto P000181,Higiene,Fraldas,EcoVida,5.86,8.75,False,2024-05-25
P000182,Produto P000182,Higiene,Sabonetes,EcoVida,4.66,5.83,True,2023-09-04
P000183,Produto P000183,Limpeza,Detergentes,Acme,8.31,10.48,True,2025-06-05
P000184,Produto P000184,Limpeza,Detergentes,EcoVida,10.24,16.8,True,2025-04-08
P000185,Produto P000185,Bebidas,Águas,Nordic,8.61,13.4,True,2024-09-15
P000186,Produto P000186,Bebidas,Refrigerantes,Nordic,10.05,12.93,True,2023-08-08
P000187,Produto P000187,Bebidas,Energéticos,Acme,10.07,15.54,False,2022-05-19
P000188,Produto P000188,Bebidas,Refrigerantes,Acme,9.8,15.99,True,2024-06-04
P000189,Produto P000189,Higiene,Sabonetes,ValeVerde,10.9,16.43,True,2024-02-19
P000190,Produto P000190,Higiene,Desodorantes,EcoVida,7.02,12.25,True,2022-01-04
P000191,Produto P000191,Limpeza,Detergentes,Nordic,7.43,10.59,True,2022-05-08
P000192,Produto P000192,Limpeza,Lava-roupas,Nordic,4.77,6.76,True,2023-07-02
P000193,Produto P000193,Bebidas,Águas,RioDoce,10.1,17.67,False,2023-10-14
P000194,Produto P000194,Higiene,Pasta de dente,Acme,9.09,12.71,True,2024-08-26
P000195,Produto P000195,Limpeza,Desinfetantes,ValeVerde,12.92,22.75,True,2023-03-18
P000196,Produto P000196,Limpeza,Amaciantes,EcoVida,12.36,19.12,True,2022-01-15
P000197,Produto P000197,Mercearia,Snacks,Prime+,7.72,12.42,True,2022-01-04
P000198,Produto P000198,Bebidas,Águas,RioDoce,7.56,12.74,True,2023-11-02
P000199,Produto P000199,Mercearia,Café/Chá,SulMax,7.29,9.2,True,2023-04-09
P000200,Produto P000200,Mercearia,Enlatados,ValeVerde,21.7,31.87,True,2022-08-24
P000201,Produto P000201,Limpeza,Esponjas,Nordic,7.92,11.72,True,2024-06-12
P000202,Produto P000202,Frios & Laticínios,Manteiga,TopBrasil,22.37,36.35,True,2025-07-16
P000203,Produto P000203,Bebidas,Águas,Acme,13.16,20.01,True,2023-12-08
P000204,Produto P000204,Bebidas,Refrigerantes,Acme,20.37,29.84,True,2022-07-11
P000205,Produto P000205,Limpeza,Lava-roupas,RioDoce,5.54,7.01,True,2022-01-21
P000206,Produto P000206,Bebidas,Águas,ValeVerde,6.71,11.17,True,2025-07-24
P000207,Produto P000207,Higiene,Pasta de dente,TopBrasil,16.33,26.16,True,2024-12-22
P000208,Produto P000208,Mercearia,Molhos,Acme,10.21,13.58,True,2025-03-14
P000209,Produto P000209,Mercearia,Snacks,SulMax,11.74,18.31,False,2025-01-01
P000210,Produto P000210,Limpeza,Amaciantes,Nordic,5.17,9.27,True,2025-04-21
P000211,Produto P000211,Bebidas,Energéticos,EcoVida,9.69,13.04,True,2024-11-11
P000212,Produto P000212,Frios & Laticínios,Iogurtes,RioDoce,16.94,23.39,True,2022-04-25
P000213,Produto P000213,Frios & Laticínios,Queijos,Nordic,9.51,16.7,True,2022-02-07
P000214,Produto P000214,Bebidas,Cervejas,Prime+,10.27,14.92,True,2025-03-26
P000215,Produto P000215,Bebidas,Energéticos,TopBrasil,10.55,16.4,True,2025-07-19
P000216,Produto P000216,Limpeza,Desinfetantes,SulMax,10.51,18.09,True,2022-05-16
P000217,Produto P000217,Limpeza,Desinfetantes,Prime+,7.65,13.5,True,2023-02-19
P000218,Produto P000218,Higiene,Sabonetes,SulMax,13.88,17.41,True,2023-05-12
P000219,Produto P000219,Mercearia,Massas,RioDoce,6.86,11.53,True,2023-09-22
P000220,Produto P000220,Limpeza,Detergentes,ValeVerde,9.81,15.42,False,2024-08-12
P000221,Produto P000221,Bebidas,Energéticos,Acme,11.9,16.09,True,2022-03-10
P000222,Produto P000222,Frios & Laticínios,Manteiga,Acme,8.83,14.04,True,2022-03-08
P000223,Produto P000223,Bebidas,Sucos,SulMax,1.5,1.92,True,2022-05-21
P000224,Produto P000224,Frios & Laticínios,Manteiga,Acme,5.28,8.82,True,2022-09-01
P000225,Produto P000225,Bebidas,Águas,Acme,14.8,24.3,True,2025-07-03
P000226,Produto P000226,Limpeza,Detergentes,EcoVida,6.19,9.95,True,2022-04-27
P000227,Produto P000227,Higiene,Pasta de dente,Nordic,8.83,15.89,True,2022-09-01
P000228,Produto P000228,Mercearia,Enlatados,ValeVerde,19.76,28.14,True,2024-06-23
P000229,Produto P000229,Mercearia,Snacks,Acme,14.35,19.42,True,2023-05-28
P000230,Produto P000230,Frios & Laticínios,Requeijão,Prime+,7.21,10.84,False,2022-10-31
P000231,Produto P000231,Limpeza,Esponjas,EcoVida,11.16,19.07,False,2024-03-23
P000232,Produto P000232,Limpeza,Desinfetantes,RioDoce,4.71,6.1,True,2023-09-06
P000233,Produto P000233,Mercearia,Snacks,ValeVerde,5.93,10.2,True,2025-07-11
P000234,Produto P000234,Higiene,Pasta de dente,TopBrasil,10.64,16.91,False,2024-01-03
P000235,Produto P000235,Limpeza,Detergentes,Acme,15.84,23.08,True,2022-06-01
P000236,Produto P000236,Mercearia,Massas,Nordic,16.41,24.9,True,2025-02-19
P000237,Produto P000237,Higiene,Fraldas,Prime+,7.06,12.21,False,2024-10-15
P000238,Produto P000238,Mercearia,Snacks,Prime+,6.52,8.81,True,2025-07-17
P000239,Produto P000239,Limpeza,Desinfetantes,Prime+,5.1,6.92,True,2023-10-29
P000240,Produto P000240,Frios & Laticínios,Iogurtes,Prime+,5.53,7.33,False,2022-01-06
P000241,Produto P000241,Higiene,Pasta de dente,Prime+,12.24,18.73,True,2024-06-12
P000242,Produto P000242,Frios & Laticínios,Iogurtes,RioDoce,17.45,24.67,True,2022-09-24
P000243,Produto P000243,Mercearia,Enlatados,Acme,5.23,8.37,True,2023-06-11
P000244,Produto P000244,Frios & Laticínios,Queijos,Prime+,20.58,36.43,True,2022-08-10
P000245,Produto P000245,Higiene,Desodorantes,Prime+,9.09,13.25,True,2025-07-13
P000246,Produto P000246,Limpeza,Esponjas,ValeVerde,10.37,15.3,True,2025-07-08
P000247,Produto P000247,Frios & Laticínios,Iogurtes,Acme,14.57,18.82,True,2023-03-25
P000248,Produto P000248,Frios & Laticínios,Queijos,EcoVida,12.47,20.37,True,2024-07-24
P000249,Produto P000249,Higiene,Desodorantes,Prime+,5.49,9.15,True,2024-03-26
P000250,Produto P000250,Mercearia,Café/Chá,Acme,4.19,5.96,True,2024-08-14
P000251,Produto P000251,Limpeza,Desinfetantes,SulMax,15.39,21.51,True,2024-04-17
P000252,Produto P000252,Frios & Laticínios,Manteiga,Nordic,6.11,9.43,False,2022-03-05
P000253,Produto P000253,Mercearia,Molhos,RioDoce,8.41,14.95,True,2022-05-15
P000254,Produto P000254,Higiene,Pasta de dente,SulMax,4.27,6.22,True,2022-03-16
P000255,Produto P000255,Higiene,Fraldas,ValeVerde,8.14,12.12,True,2024-09-06
P000256,Produto P000256,Limpeza,Esponjas,SulMax,26.18,42.98,True,2024-12-20
P000257,Produto P000257,Mercearia,Massas,Prime+,14.63,20.15,True,2024-02-06
P000258,Produto P000258,Frios & Laticínios,Requeijão,Acme,9.43,14.13,True,2023-11-23
P000259,Produto P000259,Bebidas,Sucos,Prime+,9.76,13.58,True,2024-01-15
P000260,Produto P000260,Mercearia,Snacks,Prime+,11.27,18.7,True,2023-08-08
P000261,Produto P000261,Mercearia,Molhos,SulMax,4.0,5.63,False,2025-02-22
P000262,Produto P000262,Bebidas,Refrigerantes,SulMax,11.67,20.31,True,2025-01-29
P000263,Produto P000263,Bebidas,Energéticos,EcoVida,13.74,22.86,True,2024-01-25
P000264,Produto P000264,Frios & Laticínios,Leite,Nordic,3.87,5.66,True,2025-06-17
P000265,Produto P000265,Higiene,Fraldas,TopBrasil,11.28,17.71,True,2022-11-14
P000266,Produto P000266,Bebidas,Energéticos,SulMax,12.37,16.3,True,2024-10-31
P000267,Produto P000267,Mercearia,Molhos,Nordic,9.95,15.76,True,2025-06-23
P000268,Produto P000268,Mercearia,Café/Chá,TopBrasil,11.93,15.73,True,2024-10-23
P000269,Produto P000269,Limpeza,Detergentes,Nordic,14.15,23.5,True,2022-09-22
P000270,Produto P000270,Bebidas,Águas,Acme,14.72,19.2,True,2025-04-27
P000271,Produto P000271,Mercearia,Snacks,Acme,11.9,15.06,True,2023-02-01
P000272,Produto P000272,Bebidas,Refrigerantes,TopBrasil,10.19,17.65,True,2024-10-31
P000273,Produto P000273,Higiene,Desodorantes,TopBrasil,7.84,14.0,True,2022-01-09
P000274,Produto P000274,Mercearia,Molhos,Prime+,12.58,19.44,True,2024-07-04
P000275,Produto P000275,Bebidas,Sucos,ValeVerde,8.63,12.35,True,2025-02-13
P000276,Produto P000276,Frios & Laticínios,Leite,Acme,10.17,17.11,True,2022-08-04
P000277,Produto P000277,Bebidas,Cervejas,RioDoce,13.76,23.63,True,2022-10-22
P000278,Produto P000278,Limpeza,Amaciantes,Prime+,9.75,13.8,True,2024-10-31
P000279,Produto P000279,Higiene,Desodorantes,Acme,5.08,6.94,True,2024-01-17
P000280,Produto P000280,Frios & Laticínios,Iogurtes,SulMax,4.3,6.42,True,2023-02-24
P000281,Produto P000281,Frios & Laticínios,Iogurtes,RioDoce,3.82,5.32,True,2024-12-27
P000282,Produto P000282,Higiene,Pasta de dente,Acme,11.45,14.87,True,2024-05-09
P000283,Produto P000283,Bebidas,Cervejas,TopBrasil,6.1,8.94,True,2024-05-20
P000284,Produto P000284,Bebidas,Energéticos,SulMax,9.89,13.73,True,2023-06-02
P000285,Produto P000285,Frios & Laticínios,Queijos,TopBrasil,11.47,20.06,True,2023-05-19
P000286,Produto P000286,Bebidas,Cervejas,TopBrasil,10.92,15.45,True,2023-07-15
P000287,Produto P000287,Frios & Laticínios,Iogurtes,Nordic,2.66,4.77,True,2023-06-06
P000288,Produto P000288,Frios & Laticínios,Iogurtes,ValeVerde,5.03,8.46,True,2022-11-19
P000289,Produto P000289,Limpeza,Detergentes,ValeVerde,4.34,5.57,True,2024-09-03
P000290,Produto P000290,Higiene,Sabonetes,RioDoce,5.98,8.49,True,2025-05-02
P000291,Produto P000291,Limpeza,Lava-roupas,Prime+,14.98,19.35,True,2022-08-09
P000292,Produto P000292,Frios & Laticínios,Leite,RioDoce,4.73,8.19,True,2023-04-05
P000293,Produto P000293,Frios & Laticínios,Iogurtes,SulMax,14.97,19.9,True,2022-01-15
P000294,Produto P000294,Higiene,Shampoo,RioDoce,19.75,25.67,True,2022-07-05
P000295,Produto P000295,Frios & Laticínios,Requeijão,Acme,9.03,13.65,False,2023-12-04
P000296,Produto P000296,Bebidas,Sucos,SulMax,5.93,10.09,True,2025-07-01
P000297,Produto P000297,Bebidas,Águas,TopBrasil,7.99,10.02,True,2025-06-22
P000298,Produto P000298,Bebidas,Cervejas,Acme,12.49,19.81,True,2022-05-17
P000299,Produto P000299,Bebidas,Sucos,Nordic,4.82,7.44,True,2024-04-01
P000300,Produto P000300,Limpeza,Desinfetantes,SulMax,11.0,15.53,True,2022-07-12
P000301,Produto P000301,Higiene,Desodorantes,EcoVida,13.18,17.7,True,2022-06-11
P000302,Produto P000302,Bebidas,Sucos,EcoVida,10.59,13.45,True,2024-04-12
P000303,Produto P000303,Mercearia,Molhos,EcoVida,3.4,5.25,True,2023-11-07
P000304,Produto P000304,Higiene,Sabonetes,Nordic,11.0,19.49,True,2023-04-01
P000305,Produto P000305,Bebidas,Águas,Nordic,10.19,17.93,True,2023-11-30
P000306,Produto P000306,Bebidas,Energéticos,SulMax,8.36,10.97,True,2024-03-28
P000307,Produto P000307,Mercearia,Café/Chá,Prime+,5.61,8.89,True,2024-06-29
P000308,Produto P000308,Bebidas,Refrigerantes,Acme,6.18,8.31,True,2023-03-12
P000309,Produto P000309,Limpeza,Amaciantes,ValeVerde,4.28,5.69,True,2024-06-05
P000310,Produto P000310,Frios & Laticínios,Queijos,Acme,8.94,14.78,True,2023-08-09
P000311,Produto P000311,Bebidas,Sucos,Prime+,7.61,13.3,True,2023-07-31
P000312,Produto P000312,Mercearia,Molhos,ValeVerde,10.95,15.87,True,2024-03-16
P000313,Produto P000313,Bebidas,Cervejas,Acme,10.43,17.1,True,2025-07-06
P000314,Produto P000314,Mercearia,Molhos,Prime+,5.02,6.6,False,2024-11-08
P000315,Produto P000315,Higiene,Fraldas,EcoVida,17.85,26.3,True,2023-11-22
P000316,Produto P000316,Higiene,Shampoo,Acme,8.98,11.74,True,2023-03-14
P000317,Produto P000317,Bebidas,Águas,Prime+,5.98,9.43,True,2024-03-23
P000318,Produto P000318,Limpeza,Esponjas,Nordic,9.72,13.28,True,2024-09-22
P000319,Produto P000319,Frios & Laticínios,Manteiga,Nordic,14.22,20.29,True,2023-02-08
P000320,Produto P000320,Limpeza,Desinfetantes,Acme,21.68,30.79,True,2023-11-05
P000321,Produto P000321,Higiene,Pasta de dente,Prime+,14.84,22.96,True,2022-01-27
P000322,Produto P000322,Mercearia,Massas,TopBrasil,6.48,9.65,True,2024-10-30
P000323,Produto P000323,Higiene,Shampoo,Prime+,5.25,7.35,False,2023-10-11
P000324,Produto P000324,Bebidas,Sucos,SulMax,8.43,14.99,True,2023-02-17
P000325,Produto P000325,Bebidas,Águas,Acme,9.24,11.7,True,2024-06-16
P000326,Produto P000326,Bebidas,Sucos,RioDoce,22.71,32.08,True,2024-04-24
P000327,Produto P000327,Frios & Laticínios,Iogurtes,EcoVida,32.89,57.23,True,2022-01-18
P000328,Produto P000328,Bebidas,Sucos,Acme,7.55,10.96,True,2022-08-06
P000329,Produto P000329,Limpeza,Desinfetantes,Prime+,5.06,8.66,True,2023-07-30
P000330,Produto P000330,Limpeza,Amaciantes,RioDoce,14.23,19.05,True,2023-08-25
P000331,Produto P000331,Bebidas,Sucos,SulMax,4.46,6.14,True,2022-11-03
P000332,Produto P000332,Frios & Laticínios,Requeijão,ValeVerde,6.86,9.95,False,2024-12-21
P000333,Produto P000333,Limpeza,Esponjas,SulMax,6.27,11.28,True,2023-06-15
P000334,Produto P000334,Limpeza,Esponjas,EcoVida,8.52,15.02,True,2023-12-30
P000335,Produto P000335,Mercearia,Molhos,EcoVida,2.54,4.27,True,2023-08-25
P000336,Produto P000336,Mercearia,Café/Chá,Acme,7.27,10.86,True,2022-03-02
P000337,Produto P000337,Frios & Laticínios,Requeijão,Acme,11.51,16.79,True,2025-01-09
P000338,Produto P000338,Limpeza,Lava-roupas,Acme,15.13,21.79,True,2022-01-26
P000339,Produto P000339,Mercearia,Snacks,ValeVerde,11.27,18.95,True,2022-09-15
P000340,Produto P000340,Higiene,Sabonetes,Nordic,3.54,5.56,True,2023-07-28
P000341,Produto P000341,Bebidas,Águas,TopBrasil,6.51,10.37,True,2024-01-31
P000342,Produto P000342,Bebidas,Águas,Acme,8.81,15.5,True,2024-10-15
P000343,Produto P000343,Higiene,Fraldas,Acme,6.61,11.47,True,2025-03-20
P000344,Produto P000344,Limpeza,Lava-roupas,TopBrasil,13.28,19.12,True,2023-09-07
P000345,Produto P000345,Frios & Laticínios,Leite,SulMax,18.14,29.53,True,2024-01-01
P000346,Produto P000346,Limpeza,Detergentes,RioDoce,10.62,15.75,True,2024-03-18
P000347,Produto P000347,Bebidas,Águas,EcoVida,5.42,8.06,True,2025-05-08
P000348,Produto P000348,Frios & Laticínios,Iogurtes,SulMax,31.31,40.09,True,2024-03-31
P000349,Produto P000349,Higiene,Pasta de dente,RioDoce,3.91,6.05,True,2025-02-03
P000350,Produto P000350,Limpeza,Lava-roupas,Prime+,8.42,14.57,True,2023-11-28
P000351,Produto P000351,Higiene,Pasta de dente,Acme,14.8,24.7,True,2024-08-13
P000352,Produto P000352,Mercearia,Café/Chá,ValeVerde,22.89,37.26,True,2024-09-21
P000353,Produto P000353,Bebidas,Energéticos,TopBrasil,3.55,5.33,True,2024-02-17
P000354,Produto P000354,Limpeza,Amaciantes,TopBrasil,4.95,7.43,True,2025-07-15
P000355,Produto P000355,Frios & Laticínios,Queijos,SulMax,9.95,17.25,True,2024-04-23
P000356,Produto P000356,Limpeza,Detergentes,Nordic,5.66,9.05,True,2024-01-28
P000357,Produto P000357,Frios & Laticínios,Manteiga,SulMax,15.45,19.38,True,2025-04-20
P000358,Produto P000358,Frios & Laticínios,Queijos,Nordic,8.69,12.28,True,2023-08-28
P000359,Produto P000359,Limpeza,Esponjas,Acme,20.82,32.17,True,2024-11-08
P000360,Produto P000360,Bebidas,Energéticos,Acme,13.06,18.22,True,2023-02-28
P000361,Produto P000361,Bebidas,Cervejas,ValeVerde,18.86,32.75,True,2023-04-23
P000362,Produto P000362,Limpeza,Lava-roupas,SulMax,13.15,22.34,True,2023-02-18
P000363,Produto P000363,Higiene,Desodorantes,RioDoce,14.28,25.47,True,2023-10-10
P000364,Produto P000364,Frios & Laticínios,Queijos,TopBrasil,21.94,33.48,False,2022-10-22
P000365,Produto P000365,Frios & Laticínios,Leite,Nordic,10.45,13.62,True,2025-06-14
P000366,Produto P000366,Bebidas,Sucos,Prime+,4.74,8.03,True,2022-08-22
P000367,Produto P000367,Frios & Laticínios,Manteiga,Prime+,7.72,13.6,True,2025-06-02
P000368,Produto P000368,Higiene,Pasta de dente,TopBrasil,6.74,9.65,True,2023-06-07
P000369,Produto P000369,Frios & Laticínios,Requeijão,EcoVida,6.5,11.44,True,2025-06-08
P000370,Produto P000370,Bebidas,Refrigerantes,Acme,10.55,14.96,True,2022-11-28
P000371,Produto P000371,Bebidas,Cervejas,TopBrasil,5.51,9.69,True,2023-12-11
P000372,Produto P000372,Bebidas,Cervejas,EcoVida,10.51,13.96,True,2025-04-07
P000373,Produto P000373,Higiene,Pasta de dente,Acme,12.01,15.54,True,2022-08-21
P000374,Produto P000374,Frios & Laticínios,Queijos,Nordic,11.99,18.97,True,2023-06-17
P000375,Produto P000375,Bebidas,Cervejas,SulMax,18.52,28.98,True,2025-06-04
P000376,Produto P000376,Higiene,Sabonetes,RioDoce,8.77,11.82,True,2023-05-23
P000377,Produto P000377,Limpeza,Esponjas,Prime+,4.16,6.8,True,2023-09-24
P000378,Produto P000378,Higiene,Fraldas,Nordic,9.85,16.53,True,2022-10-13
P000379,Produto P000379,Higiene,Desodorantes,SulMax,20.6,31.56,True,2022-11-16
P000380,Produto P000380,Mercearia,Snacks,Prime+,7.18,12.63,True,2022-05-06
P000381,Produto P000381,Higiene,Fraldas,RioDoce,9.64,16.44,True,2025-02-28
P000382,Produto P000382,Mercearia,Snacks,TopBrasil,13.7,24.37,True,2024-11-22
P000383,Produto P000383,Frios & Laticínios,Leite,EcoVida,6.17,11.01,True,2024-04-21
P000384,Produto P000384,Frios & Laticínios,Iogurtes,ValeVerde,5.61,9.63,True,2022-06-04
P000385,Produto P000385,Higiene,Desodorantes,Prime+,7.13,10.87,True,2022-11-21
P000386,Produto P000386,Frios & Laticínios,Requeijão,RioDoce,17.98,24.45,True,2023-01-31
P000387,Produto P000387,Bebidas,Energéticos,Acme,6.57,9.4,True,2023-12-21
P000388,Produto P000388,Limpeza,Amaciantes,Nordic,9.46,16.23,True,2024-03-05
P000389,Produto P000389,Frios & Laticínios,Leite,EcoVida,15.38,27.66,True,2023-06-25
P000390,Produto P000390,Higiene,Desodorantes,Prime+,9.2,15.98,True,2023-11-05
P000391,Produto P000391,Limpeza,Detergentes,SulMax,6.28,8.08,True,2022-03-24
P000392,Produto P000392,Bebidas,Energéticos,Acme,14.09,25.27,True,2022-08-17
P000393,Produto P000393,Limpeza,Lava-roupas,Nordic,9.28,13.26,True,2022-09-25
P000394,Produto P000394,Limpeza,Desinfetantes,Nordic,3.8,4.94,True,2025-03-01
P000395,Produto P000395,Higiene,Shampoo,Prime+,20.3,36.43,True,2023-02-26
P000396,Produto P000396,Mercearia,Molhos,Acme,11.2,18.1,True,2023-08-07
P000397,Produto P000397,Mercearia,Snacks,SulMax,13.5,21.22,True,2022-02-28
P000398,Produto P000398,Frios & Laticínios,Manteiga,TopBrasil,16.7,25.45,True,2023-01-29
P000399,Produto P000399,Higiene,Pasta de dente,Prime+,5.46,7.76,True,2023-07-04
P000400,Produto P000400,Mercearia,Café/Chá,Prime+,7.56,12.77,True,2022-11-30
P000401,Produto P000401,Frios & Laticínios,Manteiga,ValeVerde,9.34,13.31,True,2023-10-22
P000402,Produto P000402,Mercearia,Massas,Prime+,9.35,12.66,True,2022-12-15
P000403,Produto P000403,Frios & Laticínios,Requeijão,ValeVerde,7.91,13.42,True,2023-09-10
P000404,Produto P000404,Bebidas,Energéticos,TopBrasil,5.51,9.27,True,2023-05-09
P000405,Produto P000405,Bebidas,Energéticos,Acme,16.95,26.46,True,2024-10-18
P000406,Produto P000406,Mercearia,Molhos,Nordic,5.98,7.73,True,2022-03-06
P000407,Produto P000407,Mercearia,Snacks,ValeVerde,12.84,20.22,True,2025-06-23
P000408,Produto P000408,Higiene,Fraldas,RioDoce,9.83,16.97,True,2022-11-26
P000409,Produto P000409,Mercearia,Snacks,Acme,6.56,9.66,True,2024-07-29
P000410,Produto P000410,Higiene,Shampoo,Prime+,6.16,9.76,True,2024-04-24
P000411,Produto P000411,Limpeza,Amaciantes,Prime+,11.03,15.56,True,2024-05-23
P000412,Produto P000412,Limpeza,Amaciantes,RioDoce,10.49,14.65,True,2025-02-19
P000413,Produto P000413,Higiene,Shampoo,Acme,9.11,15.19,True,2024-12-07
P000414,Produto P000414,Higiene,Sabonetes,Nordic,19.54,33.17,True,2022-06-02
P000415,Produto P000415,Limpeza,Detergentes,Acme,10.08,13.51,True,2024-10-21
P000416,Produto P000416,Mercearia,Molhos,RioDoce,7.01,9.42,True,2023-04-06
P000417,Produto P000417,Frios & Laticínios,Requeijão,SulMax,7.44,9.42,True,2023-09-15
P000418,Produto P000418,Bebidas,Águas,EcoVida,3.2,5.35,True,2023-02-19
P000419,Produto P000419,Higiene,Shampoo,EcoVida,5.66,8.58,True,2023-12-14
P000420,Produto P000420,Frios & Laticínios,Manteiga,Nordic,9.99,12.74,True,2023-04-19
P000421,Produto P000421,Limpeza,Amaciantes,Prime+,8.45,13.47,True,2022-08-20
P000422,Produto P000422,Mercearia,Café/Chá,RioDoce,12.47,18.37,True,2023-05-14
P000423,Produto P000423,Mercearia,Snacks,Prime+,6.83,10.94,False,2024-09-29
P000424,Produto P000424,Limpeza,Amaciantes,RioDoce,8.05,10.33,True,2024-02-28
P000425,Produto P000425,Limpeza,Detergentes,EcoVida,12.49,22.36,True,2025-01-01
P000426,Produto P000426,Higiene,Desodorantes,RioDoce,12.94,22.43,True,2022-05-08
P000427,Produto P000427,Higiene,Desodorantes,Acme,5.44,9.05,True,2022-11-28
P000428,Produto P000428,Frios & Laticínios,Queijos,Nordic,3.66,4.85,True,2024-03-12
P000429,Produto P000429,Higiene,Pasta de dente,Acme,10.32,14.64,True,2024-05-03
P000430,Produto P000430,Bebidas,Sucos,EcoVida,15.38,25.76,True,2024-01-27
P000431,Produto P000431,Bebidas,Águas,Prime+,6.09,10.27,True,2023-10-04
P000432,Produto P000432,Higiene,Fraldas,ValeVerde,7.94,12.98,False,2024-12-02
P000433,Produto P000433,Frios & Laticínios,Queijos,Nordic,13.36,22.6,True,2023-09-09
P000434,Produto P000434,Bebidas,Águas,Prime+,16.5,24.83,True,2024-05-25
P000435,Produto P000435,Limpeza,Desinfetantes,Prime+,13.04,18.22,False,2023-01-13
P000436,Produto P000436,Higiene,Pasta de dente,EcoVida,16.48,23.13,True,2025-05-31
P000437,Produto P000437,Limpeza,Lava-roupas,Acme,7.39,11.32,False,2023-08-08
P000438,Produto P000438,Bebidas,Refrigerantes,RioDoce,13.55,17.22,True,2023-12-14
P000439,Produto P000439,Frios & Laticínios,Queijos,ValeVerde,25.25,39.82,True,2024-05-24
P000440,Produto P000440,Limpeza,Desinfetantes,TopBrasil,12.9,20.36,True,2024-03-24
P000441,Produto P000441,Bebidas,Cervejas,Acme,7.03,11.17,True,2024-01-03
P000442,Produto P000442,Frios & Laticínios,Requeijão,Prime+,6.38,11.48,True,2025-04-06
P000443,Produto P000443,Limpeza,Esponjas,EcoVida,9.06,15.48,False,2025-03-23
P000444,Produto P000444,Limpeza,Amaciantes,Nordic,9.09,12.08,False,2024-10-24
P000445,Produto P000445,Limpeza,Detergentes,RioDoce,10.09,17.29,True,2024-01-28
P000446,Produto P000446,Bebidas,Refrigerantes,RioDoce,10.84,16.86,True,2022-09-01
P000447,Produto P000447,Mercearia,Café/Chá,SulMax,9.39,12.51,True,2025-02-02
P000448,Produto P000448,Mercearia,Molhos,EcoVida,33.59,50.86,True,2024-10-13
P000449,Produto P000449,Bebidas,Sucos,Prime+,19.51,30.76,True,2024-01-10
P000450,Produto P000450,Limpeza,Esponjas,Prime+,14.97,22.65,True,2024-08-11
P000451,Produto P000451,Limpeza,Amaciantes,TopBrasil,14.17,25.47,True,2023-05-06
P000452,Produto P000452,Frios & Laticínios,Manteiga,TopBrasil,5.11,8.66,True,2022-07-03
P000453,Produto P000453,Mercearia,Café/Chá,EcoVida,12.02,20.82,True,2022-06-03
P000454,Produto P000454,Limpeza,Amaciantes,SulMax,9.63,14.85,True,2024-01-24
P000455,Produto P000455,Frios & Laticínios,Manteiga,Acme,8.45,11.94,True,2023-03-19
P000456,Produto P000456,Bebidas,Sucos,RioDoce,8.93,13.28,True,2022-08-26
P000457,Produto P000457,Limpeza,Esponjas,ValeVerde,18.46,32.24,True,2022-05-08
P000458,Produto P000458,Limpeza,Detergentes,SulMax,5.88,10.55,True,2025-05-02
P000459,Produto P000459,Mercearia,Enlatados,Prime+,7.5,13.34,True,2025-06-28
P000460,Produto P000460,Frios & Laticínios,Manteiga,ValeVerde,11.37,17.54,True,2025-01-25
P000461,Produto P000461,Limpeza,Esponjas,Acme,10.71,18.6,True,2025-04-05
P000462,Produto P000462,Mercearia,Snacks,Acme,14.0,23.32,True,2025-03-12
P000463,Produto P000463,Higiene,Fraldas,Acme,12.2,17.38,False,2024-05-18
P000464,Produto P000464,Mercearia,Molhos,Acme,13.99,18.72,True,2025-05-10
P000465,Produto P000465,Mercearia,Massas,EcoVida,10.43,16.6,True,2022-05-09
P000466,Produto P000466,Mercearia,Snacks,Nordic,9.19,14.14,True,2022-04-15
P000467,Produto P000467,Mercearia,Enlatados,ValeVerde,3.28,5.47,True,2023-07-09
P000468,Produto P000468,Higiene,Desodorantes,RioDoce,19.62,33.72,True,2025-06-12
P000469,Produto P000469,Bebidas,Cervejas,EcoVida,11.65,15.26,True,2023-04-05
P000470,Produto P000470,Higiene,Sabonetes,SulMax,14.35,21.54,True,2023-04-11
P000471,Produto P000471,Frios & Laticínios,Leite,RioDoce,11.66,20.15,True,2022-06-11
P000472,Produto P000472,Mercearia,Molhos,Acme,9.49,13.8,True,2024-04-02
P000473,Produto P000473,Limpeza,Desinfetantes,Acme,10.74,16.68,True,2023-08-27
P000474,Produto P000474,Mercearia,Molhos,TopBrasil,7.71,13.81,False,2024-11-06
P000475,Produto P000475,Mercearia,Enlatados,SulMax,6.58,8.54,True,2024-07-04
P000476,Produto P000476,Higiene,Desodorantes,EcoVida,4.71,8.42,True,2023-11-19
P000477,Produto P000477,Frios & Laticínios,Leite,Prime+,19.14,26.73,True,2024-04-19
P000478,Produto P000478,Limpeza,Lava-roupas,RioDoce,8.79,15.57,True,2023-02-03
P000479,Produto P000479,Mercearia,Molhos,EcoVida,7.08,12.63,True,2025-07-27
P000480,Produto P000480,Mercearia,Molhos,ValeVerde,13.47,20.22,True,2022-08-06
P000481,Produto P000481,Mercearia,Molhos,TopBrasil,12.02,15.19,True,2023-09-17
P000482,Produto P000482,Bebidas,Sucos,EcoVida,5.81,10.11,True,2023-05-07
P000483,Produto P000483,Bebidas,Refrigerantes,EcoVida,21.75,29.76,True,2022-04-27
P000484,Produto P000484,Frios & Laticínios,Leite,RioDoce,5.65,9.81,True,2025-05-31
P000485,Produto P000485,Frios & Laticínios,Requeijão,Nordic,4.62,6.19,True,2023-10-19
P000486,Produto P000486,Mercearia,Molhos,RioDoce,5.45,8.95,True,2023-04-15
P000487,Produto P000487,Mercearia,Massas,Nordic,3.01,5.02,True,2023-06-20
P000488,Produto P000488,Bebidas,Sucos,SulMax,9.4,14.74,True,2022-05-15
P000489,Produto P000489,Bebidas,Cervejas,TopBrasil,8.96,15.84,True,2022-04-30
P000490,Produto P000490,Higiene,Sabonetes,ValeVerde,7.1,11.5,True,2023-02-01
P000491,Produto P000491,Bebidas,Cervejas,ValeVerde,11.87,17.24,True,2022-02-01
P000492,Produto P000492,Frios & Laticínios,Queijos,Prime+,4.89,8.8,True,2023-05-05
P000493,Produto P000493,Limpeza,Detergentes,Acme,10.93,16.28,True,2024-12-31
P000494,Produto P000494,Frios & Laticínios,Manteiga,EcoVida,9.59,13.16,False,2022-01-07
P000495,Produto P000495,Frios & Laticínios,Queijos,Prime+,3.14,4.33,True,2025-03-30
P000496,Produto P000496,Higiene,Fraldas,EcoVida,20.72,26.21,True,2022-04-05
P000497,Produto P000497,Mercearia,Snacks,RioDoce,5.9,9.17,True,2024-07-17
P000498,Produto P000498,Mercearia,Café/Chá,EcoVida,16.72,25.93,True,2023-05-03
P000499,Produto P000499,Mercearia,Café/Chá,SulMax,11.45,20.46,True,2024-11-05
P000500,Produto P000500,Bebidas,Sucos,RioDoce,4.57,6.08,True,2022-07-17
P000501,Produto P000501,Limpeza,Lava-roupas,RioDoce,2.44,3.68,True,2022-11-14
P000502,Produto P000502,Higiene,Desodorantes,Nordic,7.54,12.26,True,2023-11-14
P000503,Produto P000503,Limpeza,Esponjas,Acme,12.25,20.59,True,2022-01-16
P000504,Produto P000504,Limpeza,Detergentes,ValeVerde,4.48,5.79,True,2025-02-16
P000505,Produto P000505,Frios & Laticínios,Manteiga,EcoVida,6.52,9.35,True,2025-03-03
P000506,Produto P000506,Limpeza,Amaciantes,Nordic,6.41,11.0,True,2023-05-23
P000507,Produto P000507,Frios & Laticínios,Leite,RioDoce,5.75,8.58,True,2023-10-22
P000508,Produto P000508,Mercearia,Massas,Prime+,3.44,5.75,True,2024-04-11
P000509,Produto P000509,Mercearia,Molhos,SulMax,8.6,13.04,True,2025-03-08
P000510,Produto P000510,Limpeza,Amaciantes,SulMax,5.58,8.66,True,2024-10-21
P000511,Produto P000511,Higiene,Sabonetes,RioDoce,12.23,20.23,True,2024-01-19
P000512,Produto P000512,Mercearia,Enlatados,RioDoce,15.77,22.06,True,2023-10-27
P000513,Produto P000513,Bebidas,Refrigerantes,RioDoce,16.76,28.06,True,2022-10-10
P000514,Produto P000514,Higiene,Sabonetes,ValeVerde,6.29,9.44,True,2022-01-10
P000515,Produto P000515,Limpeza,Amaciantes,Prime+,11.12,15.47,True,2023-04-15
P000516,Produto P000516,Mercearia,Snacks,Prime+,8.89,15.91,True,2025-02-28
P000517,Produto P000517,Mercearia,Enlatados,TopBrasil,9.01,14.01,True,2023-01-16
P000518,Produto P000518,Frios & Laticínios,Manteiga,RioDoce,11.37,17.58,True,2024-05-06
P000519,Produto P000519,Higiene,Pasta de dente,Prime+,5.81,9.38,True,2022-10-09
P000520,Produto P000520,Mercearia,Snacks,Nordic,6.28,8.51,True,2023-10-16
P000521,Produto P000521,Mercearia,Massas,TopBrasil,3.45,4.73,True,2022-12-26
P000522,Produto P000522,Higiene,Desodorantes,Prime+,13.27,18.06,True,2024-09-25
P000523,Produto P000523,Limpeza,Desinfetantes,RioDoce,10.39,14.7,True,2025-02-03
P000524,Produto P000524,Higiene,Desodorantes,RioDoce,3.59,6.39,False,2024-09-21
P000525,Produto P000525,Mercearia,Molhos,ValeVerde,11.05,14.41,True,2023-03-19
P000526,Produto P000526,Higiene,Sabonetes,Nordic,11.86,18.01,True,2024-06-10
P000527,Produto P000527,Bebidas,Águas,Acme,9.38,14.59,True,2022-11-01
P000528,Produto P000528,Frios & Laticínios,Requeijão,ValeVerde,13.48,19.17,True,2022-01-03
P000529,Produto P000529,Mercearia,Massas,TopBrasil,6.51,11.31,True,2022-07-21
P000530,Produto P000530,Bebidas,Refrigerantes,RioDoce,6.33,9.98,True,2025-03-29
P000531,Produto P000531,Bebidas,Águas,Acme,4.32,7.19,True,2022-10-13
P000532,Produto P000532,Limpeza,Lava-roupas,Nordic,13.99,24.98,True,2023-12-16
P000533,Produto P000533,Limpeza,Detergentes,RioDoce,3.68,6.1,True,2024-01-27
P000534,Produto P000534,Bebidas,Refrigerantes,SulMax,5.72,8.68,True,2023-07-10
P000535,Produto P000535,Higiene,Pasta de dente,TopBrasil,8.4,12.47,True,2023-05-25
P000536,Produto P000536,Limpeza,Desinfetantes,Nordic,12.31,15.53,True,2022-08-15
P000537,Produto P000537,Mercearia,Molhos,Nordic,10.11,13.49,False,2024-01-09
P000538,Produto P000538,Mercearia,Enlatados,EcoVida,4.65,5.95,True,2024-12-14
P000539,Produto P000539,Mercearia,Café/Chá,TopBrasil,10.92,16.86,True,2024-06-16
P000540,Produto P000540,Bebidas,Refrigerantes,RioDoce,8.63,15.33,True,2023-12-11
P000541,Produto P000541,Higiene,Desodorantes,Acme,8.31,11.22,True,2022-10-18
P000542,Produto P000542,Mercearia,Enlatados,Nordic,5.21,7.97,True,2023-12-19
P000543,Produto P000543,Bebidas,Refrigerantes,Nordic,10.73,14.13,True,2023-07-27
P000544,Produto P000544,Mercearia,Café/Chá,EcoVida,5.73,8.91,True,2023-02-17
P000545,Produto P000545,Bebidas,Energéticos,TopBrasil,5.89,7.52,True,2025-02-03
P000546,Produto P000546,Limpeza,Lava-roupas,RioDoce,12.13,21.66,True,2023-02-04
P000547,Produto P000547,Bebidas,Energéticos,Prime+,5.33,8.58,True,2023-11-03
P000548,Produto P000548,Bebidas,Sucos,ValeVerde,6.52,11.73,True,2024-02-10
P000549,Produto P000549,Higiene,Sabonetes,Prime+,5.4,9.7,True,2022-08-20
P000550,Produto P000550,Bebidas,Sucos,SulMax,7.57,11.9,True,2023-10-01
P000551,Produto P000551,Limpeza,Esponjas,ValeVerde,5.86,10.16,False,2023-05-05
P000552,Produto P000552,Bebidas,Sucos,Acme,9.73,17.48,True,2023-07-15
P000553,Produto P000553,Limpeza,Desinfetantes,Nordic,10.49,17.06,False,2022-02-19
P000554,Produto P000554,Frios & Laticínios,Manteiga,Prime+,6.84,10.36,True,2025-03-18
P000555,Produto P000555,Mercearia,Molhos,SulMax,3.16,4.62,True,2023-11-15
P000556,Produto P000556,Mercearia,Molhos,ValeVerde,9.76,12.45,False,2023-03-14
P000557,Produto P000557,Mercearia,Enlatados,Acme,10.86,15.04,True,2022-10-17
P000558,Produto P000558,Bebidas,Refrigerantes,Nordic,15.32,25.69,True,2022-11-21
P000559,Produto P000559,Limpeza,Detergentes,EcoVida,9.9,17.57,True,2024-04-14
P000560,Produto P000560,Higiene,Desodorantes,Prime+,6.29,10.86,True,2022-02-19
P000561,Produto P000561,Higiene,Fraldas,TopBrasil,4.42,6.41,True,2025-02-28
P000562,Produto P000562,Frios & Laticínios,Leite,SulMax,15.25,22.24,True,2022-01-26
P000563,Produto P000563,Frios & Laticínios,Iogurtes,RioDoce,9.43,15.58,False,2022-06-22
P000564,Produto P000564,Higiene,Desodorantes,SulMax,11.79,19.91,True,2024-10-15
P000565,Produto P000565,Higiene,Fraldas,Acme,8.61,15.01,True,2024-05-23
P000566,Produto P000566,Mercearia,Snacks,ValeVerde,10.7,16.55,True,2023-07-05
P000567,Produto P000567,Frios & Laticínios,Iogurtes,Nordic,5.44,7.03,True,2022-09-20
P000568,Produto P000568,Mercearia,Enlatados,Acme,3.95,6.41,True,2024-07-14
P000569,Produto P000569,Mercearia,Café/Chá,RioDoce,2.79,3.63,True,2023-07-31
P000570,Produto P000570,Frios & Laticínios,Iogurtes,SulMax,8.66,15.07,True,2024-05-15
P000571,Produto P000571,Limpeza,Esponjas,ValeVerde,6.67,11.9,True,2025-02-12
P000572,Produto P000572,Frios & Laticínios,Manteiga,TopBrasil,13.96,18.38,True,2025-07-03
P000573,Produto P000573,Limpeza,Esponjas,ValeVerde,6.12,8.76,True,2022-06-11
P000574,Produto P000574,Higiene,Desodorantes,Nordic,5.24,9.18,True,2023-09-19
P000575,Produto P000575,Bebidas,Sucos,SulMax,3.15,5.2,False,2023-02-06
P000576,Produto P000576,Mercearia,Massas,Prime+,12.28,19.04,True,2023-05-29
P000577,Produto P000577,Bebidas,Refrigerantes,Acme,5.57,7.25,True,2024-12-20
P000578,Produto P000578,Bebidas,Energéticos,Prime+,8.13,13.27,True,2025-06-10
P000579,Produto P000579,Mercearia,Molhos,TopBrasil,7.48,9.62,True,2025-07-24
P000580,Produto P000580,Frios & Laticínios,Iogurtes,ValeVerde,6.79,9.03,True,2024-09-13
P000581,Produto P000581,Mercearia,Snacks,Acme,13.57,24.18,True,2024-04-22
P000582,Produto P000582,Bebidas,Refrigerantes,ValeVerde,4.32,6.94,True,2024-02-05
P000583,Produto P000583,Limpeza,Esponjas,Prime+,16.33,27.16,True,2024-05-26
P000584,Produto P000584,Mercearia,Café/Chá,RioDoce,11.52,18.57,True,2023-02-26
P000585,Produto P000585,Bebidas,Refrigerantes,ValeVerde,5.05,7.09,True,2024-12-20
P000586,Produto P000586,Bebidas,Refrigerantes,Nordic,6.82,10.91,True,2023-11-23
P000587,Produto P000587,Bebidas,Refrigerantes,Nordic,8.06,13.55,True,2024-01-02
P000588,Produto P000588,Mercearia,Molhos,TopBrasil,12.89,18.77,True,2023-11-01
P000589,Produto P000589,Bebidas,Águas,RioDoce,8.81,13.71,True,2022-03-13
P000590,Produto P000590,Limpeza,Amaciantes,Nordic,3.71,6.04,True,2024-11-15
P000591,Produto P000591,Higiene,Sabonetes,Acme,14.3,23.9,True,2023-06-14
P000592,Produto P000592,Bebidas,Refrigerantes,SulMax,4.43,7.03,True,2022-10-17
P000593,Produto P000593,Mercearia,Café/Chá,TopBrasil,29.76,44.29,True,2025-06-08
P000594,Produto P000594,Bebidas,Águas,EcoVida,12.61,15.84,True,2025-01-29
P000595,Produto P000595,Frios & Laticínios,Requeijão,Prime+,4.9,6.81,True,2023-10-07
P000596,Produto P000596,Higiene,Shampoo,TopBrasil,10.84,15.87,True,2024-01-10
P000597,Produto P000597,Mercearia,Enlatados,Nordic,10.23,15.75,True,2023-02-15
P000598,Produto P000598,Bebidas,Cervejas,Acme,15.1,19.99,True,2024-07-23
P000599,Produto P000599,Bebidas,Energéticos,Prime+,11.99,20.76,True,2025-03-22
P000600,Produto P000600,Higiene,Pasta de dente,ValeVerde,13.07,18.67,True,2022-10-07
P000601,Produto P000601,Bebidas,Sucos,Nordic,6.22,9.04,True,2023-02-26
P000602,Produto P000602,Higiene,Shampoo,TopBrasil,5.82,8.17,True,2023-06-30
P000603,Produto P000603,Frios & Laticínios,Iogurtes,TopBrasil,12.66,19.29,True,2022-04-04
P000604,Produto P000604,Bebidas,Águas,Nordic,9.46,15.91,False,2024-04-16
P000605,Produto P000605,Higiene,Pasta de dente,Acme,10.25,16.69,True,2022-11-22
P000606,Produto P000606,Mercearia,Snacks,RioDoce,17.41,30.66,True,2025-06-14
P000607,Produto P000607,Frios & Laticínios,Manteiga,Acme,6.34,10.54,True,2022-05-11
P000608,Produto P000608,Mercearia,Enlatados,EcoVida,7.2,10.14,True,2023-03-25
P000609,Produto P000609,Limpeza,Detergentes,RioDoce,6.48,10.33,True,2024-06-18
P000610,Produto P000610,Bebidas,Energéticos,RioDoce,11.8,16.46,True,2022-11-11
P000611,Produto P000611,Limpeza,Lava-roupas,Nordic,4.16,5.99,True,2022-09-15
P000612,Produto P000612,Limpeza,Esponjas,RioDoce,26.04,41.93,True,2022-04-17
P000613,Produto P000613,Bebidas,Refrigerantes,EcoVida,7.97,11.09,True,2024-10-03
P000614,Produto P000614,Limpeza,Amaciantes,EcoVida,11.99,19.42,True,2023-09-22
P000615,Produto P000615,Frios & Laticínios,Iogurtes,Prime+,4.7,7.67,True,2022-10-09
P000616,Produto P000616,Mercearia,Molhos,TopBrasil,7.45,11.98,True,2023-06-13
P000617,Produto P000617,Frios & Laticínios,Iogurtes,ValeVerde,11.98,17.12,True,2022-10-09
P000618,Produto P000618,Higiene,Desodorantes,ValeVerde,4.38,7.75,True,2025-07-31
P000619,Produto P000619,Higiene,Pasta de dente,ValeVerde,24.71,37.4,True,2024-05-29
P000620,Produto P000620,Higiene,Sabonetes,EcoVida,5.0,8.18,True,2024-10-30
P000621,Produto P000621,Bebidas,Águas,Prime+,20.33,31.5,True,2023-08-21
P000622,Produto P000622,Limpeza,Lava-roupas,RioDoce,5.75,9.72,True,2024-04-28
P000623,Produto P000623,Frios & Laticínios,Iogurtes,EcoVida,12.91,17.87,True,2022-12-21
P000624,Produto P000624,Bebidas,Águas,Prime+,5.28,7.86,True,2024-05-10
P000625,Produto P000625,Bebidas,Energéticos,Acme,16.91,21.82,True,2022-06-14
P000626,Produto P000626,Bebidas,Águas,SulMax,7.96,10.37,True,2022-02-10
P000627,Produto P000627,Higiene,Desodorantes,Nordic,4.8,6.69,True,2023-06-15
P000628,Produto P000628,Higiene,Desodorantes,EcoVida,11.83,20.79,True,2024-02-05
P000629,Produto P000629,Mercearia,Massas,RioDoce,7.01,10.15,True,2024-02-15
P000630,Produto P000630,Frios & Laticínios,Manteiga,Nordic,9.41,16.84,True,2024-11-13
P000631,Produto P000631,Bebidas,Refrigerantes,Nordic,10.14,14.39,True,2024-10-30
P000632,Produto P000632,Limpeza,Lava-roupas,Prime+,4.73,8.16,True,2025-04-12
P000633,Produto P000633,Limpeza,Detergentes,Prime+,21.08,30.11,True,2023-03-26
P000634,Produto P000634,Mercearia,Enlatados,Acme,8.73,14.52,True,2022-01-07
P000635,Produto P000635,Mercearia,Massas,RioDoce,9.62,15.31,True,2024-09-02
P000636,Produto P000636,Limpeza,Detergentes,TopBrasil,5.42,9.36,True,2022-06-23
P000637,Produto P000637,Mercearia,Molhos,Nordic,9.31,12.27,True,2023-02-20
P000638,Produto P000638,Higiene,Shampoo,Acme,9.44,13.32,True,2022-06-17
P000639,Produto P000639,Limpeza,Amaciantes,Nordic,7.23,12.38,False,2022-06-29
P000640,Produto P000640,Bebidas,Refrigerantes,EcoVida,15.27,25.52,True,2022-08-27
P000641,Produto P000641,Higiene,Desodorantes,SulMax,5.01,7.97,True,2022-12-05
P000642,Produto P000642,Bebidas,Energéticos,Acme,7.31,9.79,True,2022-04-06
P000643,Produto P000643,Mercearia,Enlatados,TopBrasil,14.11,22.9,True,2022-10-26
P000644,Produto P000644,Higiene,Fraldas,Nordic,9.25,12.95,True,2024-04-10
P000645,Produto P000645,Frios & Laticínios,Iogurtes,SulMax,2.75,4.8,False,2025-01-22
P000646,Produto P000646,Frios & Laticínios,Requeijão,TopBrasil,8.72,11.76,True,2025-04-07
P000647,Produto P000647,Limpeza,Desinfetantes,RioDoce,4.04,6.27,True,2024-12-11
P000648,Produto P000648,Higiene,Sabonetes,TopBrasil,9.21,11.63,True,2025-01-01
P000649,Produto P000649,Frios & Laticínios,Iogurtes,Prime+,14.79,20.15,True,2025-05-08
P000650,Produto P000650,Limpeza,Amaciantes,Acme,5.51,7.96,True,2024-10-08
P000651,Produto P000651,Limpeza,Desinfetantes,ValeVerde,6.33,9.4,True,2023-10-18
P000652,Produto P000652,Mercearia,Massas,EcoVida,8.35,14.84,True,2022-04-02
P000653,Produto P000653,Frios & Laticínios,Requeijão,ValeVerde,9.53,15.86,True,2024-11-29
P000654,Produto P000654,Frios & Laticínios,Iogurtes,EcoVida,13.06,17.49,False,2024-05-29
P000655,Produto P000655,Frios & Laticínios,Iogurtes,ValeVerde,6.54,11.23,True,2024-09-24
P000656,Produto P000656,Higiene,Pasta de dente,RioDoce,8.71,11.75,True,2025-05-14
P000657,Produto P000657,Limpeza,Esponjas,EcoVida,9.74,16.67,True,2024-12-27
P000658,Produto P000658,Limpeza,Amaciantes,TopBrasil,10.82,14.27,True,2023-10-05
P000659,Produto P000659,Bebidas,Energéticos,EcoVida,7.98,11.68,True,2022-12-03
P000660,Produto P000660,Higiene,Shampoo,SulMax,14.36,25.45,True,2025-01-28
P000661,Produto P000661,Frios & Laticínios,Iogurtes,Nordic,25.91,34.25,True,2023-01-23
P000662,Produto P000662,Bebidas,Águas,ValeVerde,18.45,30.99,True,2024-06-17
P000663,Produto P000663,Higiene,Pasta de dente,TopBrasil,7.65,13.36,True,2022-09-23
P000664,Produto P000664,Bebidas,Cervejas,Nordic,12.58,18.26,True,2024-10-14
P000665,Produto P000665,Frios & Laticínios,Queijos,Prime+,7.8,10.1,True,2022-08-28
P000666,Produto P000666,Limpeza,Amaciantes,SulMax,8.46,14.8,True,2022-10-31
P000667,Produto P000667,Higiene,Shampoo,EcoVida,11.49,17.4,True,2023-04-11
P000668,Produto P000668,Frios & Laticínios,Requeijão,Nordic,29.36,50.97,True,2023-03-09
P000669,Produto P000669,Mercearia,Molhos,Acme,3.52,5.08,True,2025-05-19
P000670,Produto P000670,Frios & Laticínios,Queijos,TopBrasil,16.75,22.24,True,2022-06-13
P000671,Produto P000671,Limpeza,Desinfetantes,Nordic,13.6,23.25,True,2022-11-05
P000672,Produto P000672,Bebidas,Sucos,ValeVerde,12.0,19.71,True,2022-06-22
P000673,Produto P000673,Frios & Laticínios,Manteiga,SulMax,4.02,5.62,True,2022-10-31
P000674,Produto P000674,Limpeza,Amaciantes,EcoVida,19.71,24.74,True,2023-02-09
P000675,Produto P000675,Bebidas,Refrigerantes,SulMax,16.44,26.85,True,2022-07-05
P000676,Produto P000676,Mercearia,Enlatados,Nordic,4.38,5.91,True,2025-06-10
P000677,Produto P000677,Mercearia,Massas,RioDoce,23.23,40.19,True,2022-09-17
P000678,Produto P000678,Bebidas,Sucos,Nordic,6.63,11.91,True,2023-04-06
P000679,Produto P000679,Higiene,Sabonetes,ValeVerde,8.17,12.99,True,2022-04-26
P000680,Produto P000680,Higiene,Desodorantes,SulMax,5.86,7.71,True,2022-04-16
P000681,Produto P000681,Frios & Laticínios,Iogurtes,Nordic,5.1,7.74,True,2024-03-30
P000682,Produto P000682,Mercearia,Molhos,EcoVida,8.7,13.49,True,2023-03-03
P000683,Produto P000683,Bebidas,Sucos,TopBrasil,8.86,14.57,False,2024-08-20
P000684,Produto P000684,Mercearia,Café/Chá,Prime+,25.3,37.28,True,2025-05-16
P000685,Produto P000685,Bebidas,Águas,ValeVerde,14.65,20.41,True,2024-08-10
P000686,Produto P000686,Bebidas,Cervejas,SulMax,6.89,9.45,True,2023-04-15
P000687,Produto P000687,Limpeza,Amaciantes,RioDoce,11.14,15.3,True,2023-02-28
P000688,Produto P000688,Limpeza,Esponjas,Nordic,7.39,9.72,True,2025-02-03
P000689,Produto P000689,Frios & Laticínios,Iogurtes,Nordic,15.0,26.15,True,2024-03-31
P000690,Produto P000690,Bebidas,Sucos,Prime+,13.17,23.21,True,2025-03-23
P000691,Produto P000691,Frios & Laticínios,Leite,Nordic,11.7,19.44,True,2023-02-11
P000692,Produto P000692,Higiene,Desodorantes,RioDoce,4.17,6.49,True,2024-11-26
P000693,Produto P000693,Bebidas,Cervejas,Prime+,11.12,16.48,True,2022-08-07
P000694,Produto P000694,Higiene,Fraldas,Nordic,9.28,15.23,False,2023-11-20
P000695,Produto P000695,Mercearia,Enlatados,Nordic,10.0,16.46,True,2025-05-19
P000696,Produto P000696,Limpeza,Esponjas,EcoVida,2.81,3.85,True,2025-01-07
P000697,Produto P000697,Limpeza,Lava-roupas,Acme,2.13,3.26,False,2024-10-21
P000698,Produto P000698,Bebidas,Sucos,SulMax,11.23,14.17,True,2024-02-01
P000699,Produto P000699,Bebidas,Energéticos,Nordic,5.28,9.24,True,2025-02-04
P000700,Produto P000700,Higiene,Shampoo,Prime+,11.2,15.76,True,2023-01-25
P000701,Produto P000701,Limpeza,Detergentes,TopBrasil,7.95,14.11,True,2024-12-17
P000702,Produto P000702,Mercearia,Snacks,Acme,7.87,10.86,True,2025-03-27
P000703,Produto P000703,Higiene,Sabonetes,TopBrasil,3.62,5.18,False,2024-05-08
P000704,Produto P000704,Frios & Laticínios,Leite,TopBrasil,10.86,15.07,True,2024-01-17
P000705,Produto P000705,Mercearia,Molhos,Acme,2.56,4.51,True,2024-04-04
P000706,Produto P000706,Frios & Laticínios,Leite,Nordic,17.55,24.94,True,2022-11-11
P000707,Produto P000707,Frios & Laticínios,Queijos,ValeVerde,17.96,28.95,True,2024-11-14
P000708,Produto P000708,Frios & Laticínios,Requeijão,ValeVerde,12.04,19.2,True,2022-03-08
P000709,Produto P000709,Mercearia,Massas,ValeVerde,15.96,27.88,True,2023-12-11
P000710,Produto P000710,Mercearia,Café/Chá,TopBrasil,7.86,11.02,False,2023-09-18
P000711,Produto P000711,Frios & Laticínios,Queijos,SulMax,8.6,12.68,True,2024-04-26
P000712,Produto P000712,Higiene,Fraldas,ValeVerde,6.65,11.6,True,2025-07-20
P000713,Produto P000713,Higiene,Desodorantes,Nordic,18.19,29.62,True,2023-10-21
P000714,Produto P000714,Frios & Laticínios,Queijos,Nordic,6.59,9.79,False,2023-10-27
P000715,Produto P000715,Limpeza,Lava-roupas,Prime+,4.9,6.67,True,2024-11-15
P000716,Produto P000716,Mercearia,Café/Chá,ValeVerde,5.41,6.94,True,2025-05-26
P000717,Produto P000717,Higiene,Sabonetes,TopBrasil,15.5,19.77,True,2022-09-20
P000718,Produto P000718,Higiene,Sabonetes,Acme,8.23,11.26,True,2024-09-24
P000719,Produto P000719,Bebidas,Cervejas,SulMax,7.02,9.85,True,2025-04-10
P000720,Produto P000720,Frios & Laticínios,Manteiga,EcoVida,4.47,6.45,True,2022-02-15
P000721,Produto P000721,Mercearia,Molhos,Acme,12.74,19.26,True,2024-10-10
P000722,Produto P000722,Bebidas,Sucos,TopBrasil,6.49,11.21,True,2024-10-13
P000723,Produto P000723,Frios & Laticínios,Manteiga,Nordic,15.59,26.54,True,2025-05-19
P000724,Produto P000724,Higiene,Sabonetes,SulMax,7.35,11.35,True,2023-12-02
P000725,Produto P000725,Limpeza,Esponjas,Acme,20.82,32.44,True,2023-03-18
P000726,Produto P000726,Limpeza,Esponjas,Nordic,13.72,20.15,True,2025-01-24
P000727,Produto P000727,Bebidas,Cervejas,SulMax,4.95,8.6,True,2023-10-05
P000728,Produto P000728,Mercearia,Massas,ValeVerde,8.64,11.88,True,2024-09-17
P000729,Produto P000729,Frios & Laticínios,Manteiga,ValeVerde,8.72,14.55,True,2023-04-22
P000730,Produto P000730,Bebidas,Energéticos,Acme,20.45,27.04,True,2023-12-30
P000731,Produto P000731,Frios & Laticínios,Manteiga,Prime+,17.44,28.05,True,2023-01-17
P000732,Produto P000732,Bebidas,Cervejas,TopBrasil,7.97,13.81,True,2024-03-09
P000733,Produto P000733,Higiene,Fraldas,Prime+,4.24,6.35,True,2024-10-20
P000734,Produto P000734,Bebidas,Cervejas,ValeVerde,10.15,12.73,True,2023-06-27
P000735,Produto P000735,Mercearia,Snacks,EcoVida,18.85,29.09,True,2024-05-16
P000736,Produto P000736,Limpeza,Desinfetantes,TopBrasil,5.49,7.79,True,2023-11-08
P000737,Produto P000737,Bebidas,Águas,EcoVida,9.13,14.72,True,2025-06-25
P000738,Produto P000738,Frios & Laticínios,Requeijão,ValeVerde,7.12,12.54,True,2023-04-22
P000739,Produto P000739,Bebidas,Sucos,RioDoce,12.11,16.19,True,2023-11-27
P000740,Produto P000740,Frios & Laticínios,Leite,Prime+,6.39,11.44,True,2024-11-22
P000741,Produto P000741,Mercearia,Café/Chá,Prime+,8.69,11.2,True,2023-06-14
P000742,Produto P000742,Higiene,Sabonetes,SulMax,10.02,14.31,True,2025-03-06
P000743,Produto P000743,Higiene,Shampoo,ValeVerde,5.9,7.59,True,2024-06-22
P000744,Produto P000744,Bebidas,Sucos,ValeVerde,13.78,24.47,True,2024-08-31
P000745,Produto P000745,Mercearia,Café/Chá,Nordic,5.9,9.87,True,2025-06-11
P000746,Produto P000746,Frios & Laticínios,Manteiga,TopBrasil,6.04,7.95,True,2025-04-26
P000747,Produto P000747,Mercearia,Café/Chá,Prime+,5.56,9.41,True,2022-09-03
P000748,Produto P000748,Frios & Laticínios,Manteiga,ValeVerde,14.78,25.29,True,2024-12-27
P000749,Produto P000749,Limpeza,Detergentes,Prime+,5.35,9.62,True,2024-07-06
P000750,Produto P000750,Limpeza,Desinfetantes,Acme,6.87,11.02,True,2023-06-20
P000751,Produto P000751,Higiene,Fraldas,ValeVerde,11.84,18.1,True,2022-02-09
P000752,Produto P000752,Frios & Laticínios,Requeijão,Prime+,9.62,15.78,True,2024-02-12
P000753,Produto P000753,Bebidas,Energéticos,Nordic,10.0,16.02,True,2022-09-13
P000754,Produto P000754,Mercearia,Café/Chá,SulMax,11.13,15.19,True,2023-10-16
P000755,Produto P000755,Mercearia,Snacks,TopBrasil,9.99,15.95,True,2022-05-16
P000756,Produto P000756,Mercearia,Café/Chá,Prime+,7.01,12.44,True,2023-10-06
P000757,Produto P000757,Bebidas,Sucos,Nordic,5.86,10.37,True,2024-04-25
P000758,Produto P000758,Bebidas,Sucos,Prime+,5.71,7.48,True,2023-09-02
P000759,Produto P000759,Bebidas,Refrigerantes,EcoVida,45.39,76.13,True,2025-03-05
P000760,Produto P000760,Mercearia,Café/Chá,Nordic,7.17,12.38,True,2025-05-04
P000761,Produto P000761,Limpeza,Detergentes,SulMax,4.57,7.5,True,2023-11-10
P000762,Produto P000762,Mercearia,Café/Chá,Prime+,8.65,13.02,True,2024-09-05
P000763,Produto P000763,Mercearia,Massas,EcoVida,11.59,16.26,True,2023-01-07
P000764,Produto P000764,Mercearia,Enlatados,Acme,8.38,15.08,True,2022-02-22
P000765,Produto P000765,Higiene,Sabonetes,ValeVerde,7.83,11.86,True,2022-04-02
P000766,Produto P000766,Limpeza,Desinfetantes,SulMax,26.07,33.91,True,2022-11-25
P000767,Produto P000767,Bebidas,Energéticos,TopBrasil,8.41,13.62,True,2024-02-24
P000768,Produto P000768,Higiene,Pasta de dente,ValeVerde,10.47,14.41,True,2022-05-25
P000769,Produto P000769,Limpeza,Amaciantes,Acme,12.7,22.05,True,2023-04-16
P000770,Produto P000770,Higiene,Shampoo,TopBrasil,12.88,21.13,True,2022-11-10
P000771,Produto P000771,Higiene,Pasta de dente,TopBrasil,5.33,8.8,True,2022-11-26
P000772,Produto P000772,Limpeza,Amaciantes,ValeVerde,10.97,17.98,True,2024-08-11
P000773,Produto P000773,Mercearia,Café/Chá,Nordic,3.47,5.39,True,2022-07-17
P000774,Produto P000774,Mercearia,Enlatados,Prime+,4.3,5.45,True,2024-04-07
P000775,Produto P000775,Mercearia,Massas,RioDoce,18.14,25.97,True,2024-01-21
P000776,Produto P000776,Bebidas,Sucos,Acme,7.46,12.81,True,2024-11-23
P000777,Produto P000777,Frios & Laticínios,Requeijão,Prime+,15.29,25.51,True,2022-03-06
P000778,Produto P000778,Bebidas,Energéticos,RioDoce,12.96,18.05,True,2024-02-09
P000779,Produto P000779,Limpeza,Desinfetantes,RioDoce,19.31,26.99,True,2025-05-27
P000780,Produto P000780,Higiene,Desodorantes,ValeVerde,8.08,10.62,True,2023-12-17
P000781,Produto P000781,Higiene,Desodorantes,Nordic,12.67,22.2,True,2022-06-21
P000782,Produto P000782,Mercearia,Café/Chá,Nordic,6.88,10.53,True,2022-10-27
P000783,Produto P000783,Frios & Laticínios,Requeijão,RioDoce,9.3,13.16,True,2023-07-08
P000784,Produto P000784,Frios & Laticínios,Iogurtes,TopBrasil,14.28,23.18,True,2022-04-15
P000785,Produto P000785,Frios & Laticínios,Requeijão,Nordic,8.26,14.33,True,2024-12-24
P000786,Produto P000786,Mercearia,Snacks,ValeVerde,10.89,18.26,True,2022-02-08
P000787,Produto P000787,Frios & Laticínios,Iogurtes,RioDoce,10.29,14.91,True,2023-09-07
P000788,Produto P000788,Frios & Laticínios,Requeijão,SulMax,13.48,23.67,True,2023-03-30
P000789,Produto P000789,Frios & Laticínios,Manteiga,RioDoce,9.03,14.89,True,2022-04-27
P000790,Produto P000790,Limpeza,Lava-roupas,ValeVerde,9.65,15.2,True,2024-10-26
P000791,Produto P000791,Mercearia,Café/Chá,ValeVerde,6.0,9.66,True,2025-01-23
P000792,Produto P000792,Mercearia,Massas,Acme,6.51,9.03,True,2024-01-21
P000793,Produto P000793,Frios & Laticínios,Leite,ValeVerde,20.77,27.21,True,2024-01-27
P000794,Produto P000794,Limpeza,Desinfetantes,Acme,6.23,10.26,True,2022-12-07
P000795,Produto P000795,Bebidas,Cervejas,SulMax,10.05,16.66,True,2022-05-10
P000796,Produto P000796,Higiene,Sabonetes,TopBrasil,7.4,10.87,True,2024-05-28
P000797,Produto P000797,Mercearia,Massas,SulMax,14.63,19.16,True,2024-05-29
P000798,Produto P000798,Bebidas,Refrigerantes,EcoVida,17.35,23.03,True,2025-05-12
P000799,Produto P000799,Mercearia,Café/Chá,Prime+,14.63,22.08,True,2025-06-09
P000800,Produto P000800,Bebidas,Sucos,Nordic,9.58,17.11,True,2023-10-21
P000801,Produto P000801,Mercearia,Massas,SulMax,13.15,19.15,True,2022-10-27
P000802,Produto P000802,Higiene,Shampoo,EcoVida,5.09,6.95,False,2022-05-12
P000803,Produto P000803,Limpeza,Lava-roupas,Acme,7.66,12.08,True,2022-07-30
P000804,Produto P000804,Limpeza,Detergentes,SulMax,16.0,24.71,True,2023-03-09
P000805,Produto P000805,Frios & Laticínios,Requeijão,Prime+,7.36,10.68,True,2024-10-12
P000806,Produto P000806,Higiene,Shampoo,RioDoce,3.43,4.86,True,2023-08-21
P000807,Produto P000807,Frios & Laticínios,Iogurtes,Prime+,13.1,21.91,True,2022-07-02
P000808,Produto P000808,Frios & Laticínios,Manteiga,SulMax,3.89,5.6,False,2024-05-24
P000809,Produto P000809,Mercearia,Enlatados,EcoVida,13.49,18.23,True,2024-10-15
P000810,Produto P000810,Mercearia,Molhos,Acme,8.44,12.85,True,2023-11-30
P000811,Produto P000811,Higiene,Sabonetes,ValeVerde,8.8,14.63,True,2022-06-23
P000812,Produto P000812,Limpeza,Amaciantes,EcoVida,8.64,13.13,True,2025-02-24
P000813,Produto P000813,Frios & Laticínios,Queijos,TopBrasil,8.91,11.78,True,2023-03-06
P000814,Produto P000814,Mercearia,Molhos,RioDoce,4.86,6.91,True,2023-08-15
P000815,Produto P000815,Bebidas,Águas,ValeVerde,7.68,9.75,True,2023-06-21
P000816,Produto P000816,Bebidas,Águas,SulMax,22.67,38.61,True,2023-03-16
P000817,Produto P000817,Frios & Laticínios,Manteiga,ValeVerde,11.08,19.13,True,2025-02-02
P000818,Produto P000818,Bebidas,Refrigerantes,Nordic,19.95,32.29,True,2023-08-03
P000819,Produto P000819,Mercearia,Snacks,Nordic,11.23,17.99,True,2023-03-04
P000820,Produto P000820,Frios & Laticínios,Requeijão,TopBrasil,9.97,13.94,True,2025-03-31
P000821,Produto P000821,Higiene,Shampoo,RioDoce,12.36,21.14,True,2023-03-07
P000822,Produto P000822,Higiene,Sabonetes,SulMax,6.18,10.44,True,2022-08-13
P000823,Produto P000823,Bebidas,Refrigerantes,Prime+,13.67,18.45,True,2023-09-30
P000824,Produto P000824,Mercearia,Café/Chá,EcoVida,13.4,21.66,True,2024-08-23
P000825,Produto P000825,Limpeza,Detergentes,RioDoce,7.64,12.04,True,2022-08-16
P000826,Produto P000826,Bebidas,Energéticos,ValeVerde,11.09,14.71,True,2023-11-26
P000827,Produto P000827,Limpeza,Esponjas,RioDoce,11.3,14.91,True,2024-04-14
P000828,Produto P000828,Frios & Laticínios,Iogurtes,RioDoce,7.1,9.82,True,2025-06-07
P000829,Produto P000829,Frios & Laticínios,Queijos,SulMax,18.76,31.74,True,2023-04-25
P000830,Produto P000830,Higiene,Sabonetes,TopBrasil,7.78,13.26,True,2025-04-24
P000831,Produto P000831,Bebidas,Cervejas,TopBrasil,10.46,14.94,True,2024-01-27
P000832,Produto P000832,Bebidas,Refrigerantes,Prime+,6.1,7.68,True,2022-09-15
P000833,Produto P000833,Frios & Laticínios,Iogurtes,SulMax,20.71,31.72,True,2024-11-14
P000834,Produto P000834,Frios & Laticínios,Manteiga,RioDoce,8.04,13.39,True,2024-03-08
P000835,Produto P000835,Limpeza,Esponjas,SulMax,11.22,14.75,True,2023-09-16
P000836,Produto P000836,Mercearia,Snacks,ValeVerde,5.31,8.43,True,2022-02-03
P000837,Produto P000837,Higiene,Sabonetes,EcoVida,4.06,5.14,True,2024-10-10
P000838,Produto P000838,Bebidas,Cervejas,Nordic,5.28,9.35,True,2024-10-09
P000839,Produto P000839,Higiene,Shampoo,RioDoce,9.82,16.53,True,2022-11-29
P000840,Produto P000840,Limpeza,Lava-roupas,ValeVerde,16.83,22.39,False,2022-02-12
P000841,Produto P000841,Higiene,Desodorantes,TopBrasil,5.0,7.67,False,2024-08-29
P000842,Produto P000842,Higiene,Pasta de dente,SulMax,6.98,11.48,False,2022-06-07
P000843,Produto P000843,Mercearia,Café/Chá,Prime+,14.41,19.81,True,2022-10-17
P000844,Produto P000844,Mercearia,Enlatados,TopBrasil,5.65,7.09,True,2025-07-28
P000845,Produto P000845,Limpeza,Detergentes,EcoVida,18.68,28.5,True,2024-08-22
P000846,Produto P000846,Mercearia,Snacks,Acme,11.79,16.35,True,2024-10-10
P000847,Produto P000847,Bebidas,Energéticos,Prime+,15.86,26.69,True,2024-04-19
P000848,Produto P000848,Bebidas,Refrigerantes,ValeVerde,7.96,10.11,True,2022-12-30
P000849,Produto P000849,Mercearia,Massas,ValeVerde,23.56,41.79,True,2025-03-29
P000850,Produto P000850,Higiene,Shampoo,Nordic,14.14,19.02,True,2024-12-09
P000851,Produto P000851,Frios & Laticínios,Leite,SulMax,7.74,12.56,True,2023-10-12
P000852,Produto P000852,Higiene,Desodorantes,Prime+,3.67,6.07,True,2023-12-25
P000853,Produto P000853,Frios & Laticínios,Queijos,Prime+,10.06,14.75,True,2024-08-02
P000854,Produto P000854,Higiene,Shampoo,Acme,7.81,12.44,True,2023-03-31
P000855,Produto P000855,Frios & Laticínios,Queijos,Nordic,11.68,18.37,True,2023-07-17
P000856,Produto P000856,Frios & Laticínios,Iogurtes,RioDoce,9.42,13.04,True,2023-12-27
P000857,Produto P000857,Mercearia,Snacks,Nordic,10.14,16.34,True,2022-05-17
P000858,Produto P000858,Bebidas,Sucos,Prime+,8.46,12.87,True,2024-05-23
P000859,Produto P000859,Bebidas,Sucos,TopBrasil,17.72,23.86,True,2022-09-16
P000860,Produto P000860,Higiene,Desodorantes,EcoVida,7.15,10.55,True,2024-11-17
P000861,Produto P000861,Limpeza,Amaciantes,TopBrasil,5.94,8.01,False,2024-08-14
P000862,Produto P000862,Bebidas,Cervejas,SulMax,2.39,3.89,True,2024-04-09
P000863,Produto P000863,Frios & Laticínios,Leite,ValeVerde,24.89,40.1,True,2023-07-03
P000864,Produto P000864,Higiene,Shampoo,Acme,13.31,16.66,True,2023-01-11
P000865,Produto P000865,Frios & Laticínios,Iogurtes,SulMax,9.25,14.16,True,2023-03-06
P000866,Produto P000866,Mercearia,Café/Chá,Acme,13.35,18.35,True,2025-07-24
P000867,Produto P000867,Higiene,Desodorantes,RioDoce,15.97,26.38,True,2024-06-26
P000868,Produto P000868,Frios & Laticínios,Queijos,Nordic,8.13,12.54,True,2022-05-25
P000869,Produto P000869,Mercearia,Enlatados,TopBrasil,4.27,5.95,True,2022-02-05
P000870,Produto P000870,Mercearia,Snacks,Prime+,6.82,9.93,True,2023-03-17
P000871,Produto P000871,Higiene,Shampoo,TopBrasil,9.06,13.03,True,2023-08-07
P000872,Produto P000872,Bebidas,Sucos,EcoVida,20.52,33.31,True,2024-12-11
P000873,Produto P000873,Higiene,Desodorantes,Prime+,5.3,8.41,True,2024-09-21
P000874,Produto P000874,Frios & Laticínios,Iogurtes,Acme,12.51,22.29,True,2024-10-27
P000875,Produto P000875,Limpeza,Lava-roupas,TopBrasil,12.77,17.31,False,2024-02-16
P000876,Produto P000876,Bebidas,Refrigerantes,ValeVerde,6.49,8.21,True,2022-05-05
P000877,Produto P000877,Frios & Laticínios,Iogurtes,Nordic,17.18,22.01,True,2025-02-02
P000878,Produto P000878,Mercearia,Café/Chá,ValeVerde,10.61,19.01,True,2023-07-13
P000879,Produto P000879,Mercearia,Molhos,ValeVerde,27.57,38.72,True,2025-04-20
P000880,Produto P000880,Frios & Laticínios,Leite,SulMax,10.09,13.24,True,2025-06-13
P000881,Produto P000881,Limpeza,Desinfetantes,TopBrasil,2.91,4.89,True,2023-05-04
P000882,Produto P000882,Frios & Laticínios,Requeijão,RioDoce,2.99,5.33,True,2024-10-10
P000883,Produto P000883,Bebidas,Energéticos,Nordic,19.44,30.74,True,2022-08-14
P000884,Produto P000884,Bebidas,Águas,SulMax,12.42,17.09,True,2022-05-12
P000885,Produto P000885,Mercearia,Café/Chá,Prime+,8.63,12.53,True,2023-06-10
P000886,Produto P000886,Limpeza,Desinfetantes,RioDoce,6.4,9.56,True,2023-02-13
P000887,Produto P000887,Bebidas,Sucos,RioDoce,6.86,10.93,True,2023-07-29
P000888,Produto P000888,Bebidas,Cervejas,TopBrasil,6.96,11.7,True,2024-08-04
P000889,Produto P000889,Frios & Laticínios,Manteiga,Nordic,4.07,5.6,True,2024-03-05
P000890,Produto P000890,Mercearia,Snacks,Prime+,8.91,11.49,False,2023-05-28
P000891,Produto P000891,Bebidas,Refrigerantes,RioDoce,9.83,17.31,True,2024-06-25
P000892,Produto P000892,Limpeza,Esponjas,Acme,20.6,26.93,True,2025-07-03
P000893,Produto P000893,Higiene,Sabonetes,Nordic,13.8,18.2,True,2024-10-22
P000894,Produto P000894,Limpeza,Amaciantes,TopBrasil,6.47,10.63,True,2022-07-21
P000895,Produto P000895,Frios & Laticínios,Leite,Prime+,5.66,10.04,True,2023-07-03
P000896,Produto P000896,Mercearia,Snacks,SulMax,8.1,10.47,True,2024-11-19
P000897,Produto P000897,Limpeza,Amaciantes,Prime+,5.33,9.32,True,2024-02-13
P000898,Produto P000898,Limpeza,Amaciantes,TopBrasil,6.36,9.37,True,2024-07-04
P000899,Produto P000899,Limpeza,Detergentes,SulMax,8.35,13.59,True,2023-11-04
P000900,Produto P000900,Higiene,Desodorantes,Nordic,5.48,9.24,True,2025-05-17
P000901,Produto P000901,Bebidas,Energéticos,Nordic,5.09,7.98,True,2023-07-23
P000902,Produto P000902,Frios & Laticínios,Leite,SulMax,16.66,22.65,True,2024-01-27
P000903,Produto P000903,Higiene,Pasta de dente,Nordic,14.91,21.23,False,2024-10-31
P000904,Produto P000904,Bebidas,Cervejas,SulMax,9.1,12.36,False,2023-06-27
P000905,Produto P000905,Higiene,Pasta de dente,EcoVida,4.07,5.55,True,2025-04-24
P000906,Produto P000906,Higiene,Fraldas,Acme,6.79,11.36,True,2025-04-03
P000907,Produto P000907,Frios & Laticínios,Manteiga,Prime+,4.13,5.99,True,2025-05-12
P000908,Produto P000908,Limpeza,Desinfetantes,SulMax,7.99,13.0,True,2022-07-08
P000909,Produto P000909,Bebidas,Energéticos,RioDoce,19.95,35.2,True,2025-01-29
P000910,Produto P000910,Bebidas,Energéticos,TopBrasil,8.2,14.13,True,2023-12-21
P000911,Produto P000911,Mercearia,Enlatados,ValeVerde,9.92,12.73,True,2023-12-24
P000912,Produto P000912,Frios & Laticínios,Iogurtes,ValeVerde,9.69,17.15,True,2023-09-26
P000913,Produto P000913,Limpeza,Detergentes,RioDoce,11.95,20.98,True,2022-05-23
P000914,Produto P000914,Higiene,Pasta de dente,RioDoce,8.8,13.12,True,2025-04-21
P000915,Produto P000915,Higiene,Shampoo,RioDoce,7.75,9.88,True,2022-07-11
P000916,Produto P000916,Mercearia,Molhos,TopBrasil,13.98,19.1,True,2025-04-30
P000917,Produto P000917,Limpeza,Esponjas,SulMax,9.37,12.56,False,2023-06-05
P000918,Produto P000918,Bebidas,Cervejas,EcoVida,6.36,11.11,True,2022-10-16
P000919,Produto P000919,Mercearia,Massas,ValeVerde,10.07,14.54,True,2022-10-10
P000920,Produto P000920,Higiene,Fraldas,Nordic,10.5,17.3,True,2025-05-16
P000921,Produto P000921,Mercearia,Café/Chá,TopBrasil,17.19,22.08,True,2022-09-02
P000922,Produto P000922,Higiene,Sabonetes,Acme,7.82,13.82,True,2025-02-02
P000923,Produto P000923,Mercearia,Molhos,Prime+,16.43,27.92,True,2022-08-17
P000924,Produto P000924,Frios & Laticínios,Requeijão,RioDoce,4.51,7.71,True,2023-12-10
P000925,Produto P000925,Bebidas,Sucos,TopBrasil,5.03,8.34,False,2022-07-14
P000926,Produto P000926,Higiene,Sabonetes,RioDoce,7.86,10.53,True,2023-09-14
P000927,Produto P000927,Mercearia,Enlatados,EcoVida,8.44,10.58,True,2023-01-15
P000928,Produto P000928,Limpeza,Esponjas,ValeVerde,9.59,12.74,True,2023-06-03
P000929,Produto P000929,Bebidas,Cervejas,Prime+,14.42,22.61,True,2023-07-12
P000930,Produto P000930,Frios & Laticínios,Requeijão,ValeVerde,10.49,15.92,False,2023-05-09
P000931,Produto P000931,Bebidas,Energéticos,Nordic,6.62,8.37,True,2025-06-27
P000932,Produto P000932,Higiene,Pasta de dente,SulMax,15.88,28.02,True,2025-05-13
P000933,Produto P000933,Bebidas,Sucos,SulMax,6.22,9.43,True,2023-06-15
P000934,Produto P000934,Bebidas,Sucos,Nordic,8.62,11.54,True,2023-04-11
P000935,Produto P000935,Limpeza,Esponjas,SulMax,22.24,28.14,True,2023-01-21
P000936,Produto P000936,Limpeza,Amaciantes,Nordic,5.24,7.11,True,2024-06-17
P000937,Produto P000937,Frios & Laticínios,Requeijão,TopBrasil,17.96,28.54,True,2022-06-15
P000938,Produto P000938,Higiene,Pasta de dente,Prime+,10.76,18.25,True,2024-11-28
P000939,Produto P000939,Higiene,Sabonetes,Nordic,8.28,10.95,True,2022-10-20
P000940,Produto P000940,Limpeza,Detergentes,Acme,5.23,8.56,True,2024-06-02
P000941,Produto P000941,Higiene,Shampoo,Prime+,3.66,5.93,True,2023-12-21
P000942,Produto P000942,Mercearia,Massas,ValeVerde,11.5,14.67,True,2022-03-16
P000943,Produto P000943,Limpeza,Esponjas,Prime+,10.01,14.9,True,2024-10-21
P000944,Produto P000944,Bebidas,Energéticos,Prime+,13.42,19.6,True,2022-04-26
P000945,Produto P000945,Limpeza,Esponjas,ValeVerde,11.89,16.28,True,2023-09-05
P000946,Produto P000946,Higiene,Desodorantes,Nordic,15.49,25.67,True,2022-04-15
P000947,Produto P000947,Mercearia,Molhos,EcoVida,9.51,12.51,True,2025-06-09
P000948,Produto P000948,Frios & Laticínios,Queijos,TopBrasil,19.91,28.93,True,2025-07-28
P000949,Produto P000949,Higiene,Fraldas,EcoVida,14.74,25.8,True,2022-05-16
P000950,Produto P000950,Frios & Laticínios,Manteiga,TopBrasil,5.73,7.31,True,2024-12-26
P000951,Produto P000951,Frios & Laticínios,Leite,SulMax,23.58,38.77,True,2024-03-09
P000952,Produto P000952,Limpeza,Lava-roupas,TopBrasil,20.21,34.89,True,2022-08-10
P000953,Produto P000953,Bebidas,Sucos,TopBrasil,8.63,11.45,True,2025-02-10
P000954,Produto P000954,Frios & Laticínios,Queijos,Nordic,8.1,13.6,True,2025-04-26
P000955,Produto P000955,Higiene,Desodorantes,RioDoce,12.34,17.23,True,2024-08-30
P000956,Produto P000956,Bebidas,Refrigerantes,Acme,2.47,3.8,True,2024-11-29
P000957,Produto P000957,Limpeza,Lava-roupas,EcoVida,11.96,16.19,True,2023-05-02
P000958,Produto P000958,Mercearia,Snacks,RioDoce,3.87,6.39,True,2023-01-22
P000959,Produto P000959,Bebidas,Águas,Acme,20.42,34.64,True,2024-11-30
P000960,Produto P000960,Bebidas,Energéticos,TopBrasil,3.34,5.72,True,2023-10-02
P000961,Produto P000961,Higiene,Pasta de dente,EcoVida,5.71,8.67,True,2023-12-10
P000962,Produto P000962,Frios & Laticínios,Iogurtes,Prime+,7.9,10.96,True,2025-04-01
P000963,Produto P000963,Frios & Laticínios,Queijos,SulMax,5.49,7.43,True,2022-12-10
P000964,Produto P000964,Frios & Laticínios,Manteiga,Prime+,9.47,14.08,True,2024-06-20
P000965,Produto P000965,Limpeza,Detergentes,RioDoce,14.78,21.41,True,2024-09-03
P000966,Produto P000966,Mercearia,Café/Chá,TopBrasil,10.38,14.3,True,2022-10-15
P000967,Produto P000967,Limpeza,Esponjas,ValeVerde,8.8,12.28,True,2023-12-24
P000968,Produto P000968,Bebidas,Cervejas,Nordic,5.96,8.83,True,2023-08-16
P000969,Produto P000969,Mercearia,Café/Chá,Prime+,12.02,15.23,False,2024-02-04
P000970,Produto P000970,Bebidas,Águas,EcoVida,10.71,14.7,True,2025-02-26
P000971,Produto P000971,Frios & Laticínios,Iogurtes,Prime+,12.97,21.98,True,2023-08-21
P000972,Produto P000972,Mercearia,Molhos,Acme,23.53,39.24,True,2022-01-03
P000973,Produto P000973,Mercearia,Café/Chá,SulMax,6.03,8.34,True,2024-06-13
P000974,Produto P000974,Bebidas,Águas,Prime+,8.93,14.51,True,2025-05-17
P000975,Produto P000975,Limpeza,Esponjas,TopBrasil,14.6,23.96,True,2023-11-25
P000976,Produto P000976,Mercearia,Snacks,Acme,13.57,17.79,True,2024-06-15
P000977,Produto P000977,Mercearia,Snacks,Nordic,17.39,28.18,True,2023-07-24
P000978,Produto P000978,Bebidas,Cervejas,ValeVerde,18.71,27.65,True,2023-04-25
P000979,Produto P000979,Frios & Laticínios,Iogurtes,Acme,10.0,17.3,True,2022-07-27
P000980,Produto P000980,Limpeza,Esponjas,Prime+,7.89,11.44,True,2023-10-27
P000981,Produto P000981,Bebidas,Cervejas,ValeVerde,6.49,9.37,True,2023-05-02
P000982,Produto P000982,Limpeza,Amaciantes,Acme,4.32,7.08,True,2024-05-24
P000983,Produto P000983,Bebidas,Cervejas,Prime+,7.97,12.26,True,2025-04-21
P000984,Produto P000984,Higiene,Fraldas,Nordic,7.9,11.04,True,2022-12-17
P000985,Produto P000985,Frios & Laticínios,Leite,RioDoce,9.63,12.49,True,2024-10-10
P000986,Produto P000986,Higiene,Shampoo,RioDoce,7.51,12.21,True,2025-07-02
P000987,Produto P000987,Frios & Laticínios,Iogurtes,Nordic,16.83,26.02,True,2025-02-08
P000988,Produto P000988,Higiene,Desodorantes,SulMax,3.07,4.76,False,2022-09-07
P000989,Produto P000989,Limpeza,Detergentes,SulMax,5.36,8.82,True,2023-02-11
P000990,Produto P000990,Mercearia,Molhos,Acme,5.91,8.95,True,2023-08-30
P000991,Produto P000991,Mercearia,Molhos,Nordic,3.85,5.82,True,2024-08-07
P000992,Produto P000992,Bebidas,Sucos,Prime+,8.53,11.0,True,2025-03-07
P000993,Produto P000993,Mercearia,Massas,Nordic,16.14,25.61,True,2022-05-02
P000994,Produto P000994,Limpeza,Lava-roupas,EcoVida,11.14,16.77,True,2023-03-24
P000995,Produto P000995,Bebidas,Energéticos,SulMax,6.35,9.25,True,2024-07-20
P000996,Produto P000996,Limpeza,Lava-roupas,ValeVerde,11.35,19.91,True,2022-07-10
P000997,Produto P000997,Higiene,Sabonetes,SulMax,13.26,20.06,True,2022-01-29
P000998,Produto P000998,Frios & Laticínios,Leite,TopBrasil,10.6,15.9,False,2022-12-06
P000999,Produto P000999,Higiene,Pasta de dente,Prime+,9.66,16.04,True,2022-10-16
P001000,Produto P001000,Higiene,Pasta de dente,SulMax,13.54,17.29,True,2024-12-08
P001001,Produto P001001,Frios & Laticínios,Manteiga,SulMax,4.68,7.91,True,2022-05-09
P001002,Produto P001002,Bebidas,Águas,Acme,7.03,8.84,True,2022-01-18
P001003,Produto P001003,Higiene,Sabonetes,Prime+,13.16,17.38,True,2024-02-04
P001004,Produto P001004,Bebidas,Cervejas,TopBrasil,6.05,10.1,False,2023-05-25
P001005,Produto P001005,Bebidas,Refrigerantes,Prime+,4.58,6.13,True,2023-02-10
P001006,Produto P001006,Higiene,Sabonetes,Prime+,9.95,16.09,True,2025-07-01
P001007,Produto P001007,Bebidas,Refrigerantes,Nordic,7.87,10.9,True,2022-06-11
P001008,Produto P001008,Higiene,Desodorantes,SulMax,5.57,7.68,True,2022-10-16
P001009,Produto P001009,Mercearia,Molhos,Prime+,8.12,11.68,True,2025-06-25
P001010,Produto P001010,Higiene,Pasta de dente,RioDoce,5.14,8.23,True,2023-12-26
P001011,Produto P001011,Bebidas,Sucos,TopBrasil,5.23,9.32,True,2024-04-06
P001012,Produto P001012,Bebidas,Refrigerantes,Prime+,4.24,5.63,True,2023-02-01
P001013,Produto P001013,Mercearia,Café/Chá,Nordic,6.92,9.77,True,2023-11-02
P001014,Produto P001014,Frios & Laticínios,Manteiga,EcoVida,22.6,32.43,True,2024-04-01
P001015,Produto P001015,Frios & Laticínios,Manteiga,Acme,7.39,11.81,True,2024-11-20
P001016,Produto P001016,Bebidas,Sucos,Nordic,4.89,6.98,True,2024-06-06
P001017,Produto P001017,Frios & Laticínios,Leite,SulMax,12.04,16.28,True,2023-09-08
P001018,Produto P001018,Bebidas,Cervejas,RioDoce,11.38,18.28,True,2023-04-13
P001019,Produto P001019,Higiene,Shampoo,ValeVerde,12.55,22.24,True,2022-11-07
P001020,Produto P001020,Limpeza,Desinfetantes,Nordic,10.83,15.37,True,2024-03-08
P001021,Produto P001021,Bebidas,Cervejas,ValeVerde,7.26,12.64,False,2025-02-17
P001022,Produto P001022,Limpeza,Detergentes,Prime+,14.16,18.35,True,2025-07-27
P001023,Produto P001023,Limpeza,Amaciantes,Prime+,30.21,48.44,True,2025-07-01
P001024,Produto P001024,Frios & Laticínios,Leite,Prime+,5.3,6.85,True,2025-06-17
P001025,Produto P001025,Higiene,Shampoo,TopBrasil,11.82,20.47,True,2023-05-01
P001026,Produto P001026,Frios & Laticínios,Manteiga,Acme,9.05,12.14,True,2022-06-15
P001027,Produto P001027,Higiene,Fraldas,Prime+,24.49,31.99,True,2023-10-17
P001028,Produto P001028,Frios & Laticínios,Iogurtes,RioDoce,9.25,13.54,True,2023-08-27
P001029,Produto P001029,Higiene,Desodorantes,RioDoce,29.8,38.09,True,2023-04-05
P001030,Produto P001030,Mercearia,Molhos,TopBrasil,9.42,15.81,True,2022-04-05
P001031,Produto P001031,Limpeza,Desinfetantes,SulMax,19.09,26.03,True,2025-01-04
P001032,Produto P001032,Limpeza,Amaciantes,ValeVerde,11.72,16.19,True,2025-06-03
P001033,Produto P001033,Mercearia,Café/Chá,TopBrasil,17.3,22.01,True,2024-10-05
P001034,Produto P001034,Limpeza,Desinfetantes,Prime+,7.87,10.49,True,2023-05-20
P001035,Produto P001035,Frios & Laticínios,Iogurtes,Prime+,9.11,13.15,True,2024-09-10
P001036,Produto P001036,Limpeza,Detergentes,TopBrasil,5.4,8.2,True,2025-03-10
P001037,Produto P001037,Limpeza,Lava-roupas,Prime+,11.8,15.74,False,2023-08-21
P001038,Produto P001038,Limpeza,Amaciantes,Nordic,15.62,20.53,False,2023-01-15
P001039,Produto P001039,Frios & Laticínios,Iogurtes,SulMax,10.7,14.31,True,2023-12-11
P001040,Produto P001040,Higiene,Pasta de dente,Prime+,9.65,16.39,True,2023-06-16
P001041,Produto P001041,Frios & Laticínios,Requeijão,EcoVida,3.17,5.29,True,2022-07-05
P001042,Produto P001042,Limpeza,Esponjas,RioDoce,8.81,14.11,True,2023-08-18
P001043,Produto P001043,Higiene,Fraldas,RioDoce,10.56,14.33,True,2023-04-25
P001044,Produto P001044,Higiene,Pasta de dente,Prime+,11.3,17.85,True,2023-05-10
P001045,Produto P001045,Frios & Laticínios,Requeijão,TopBrasil,19.65,26.57,True,2022-11-10
P001046,Produto P001046,Limpeza,Desinfetantes,Prime+,6.39,10.96,True,2025-07-09
P001047,Produto P001047,Mercearia,Café/Chá,Nordic,12.41,19.61,True,2025-07-24
P001048,Produto P001048,Higiene,Shampoo,RioDoce,10.6,13.94,True,2022-05-25
P001049,Produto P001049,Limpeza,Lava-roupas,SulMax,15.59,27.28,True,2022-02-20
P001050,Produto P001050,Frios & Laticínios,Requeijão,ValeVerde,12.67,16.35,True,2023-09-13
P001051,Produto P001051,Limpeza,Detergentes,TopBrasil,10.14,13.75,True,2023-07-03
P001052,Produto P001052,Mercearia,Enlatados,Prime+,11.2,19.94,True,2023-07-03
P001053,Produto P001053,Limpeza,Detergentes,TopBrasil,15.0,26.16,True,2022-12-14
P001054,Produto P001054,Bebidas,Sucos,ValeVerde,7.13,11.05,True,2025-04-26
P001055,Produto P001055,Mercearia,Enlatados,Acme,4.03,5.99,False,2025-04-15
P001056,Produto P001056,Limpeza,Lava-roupas,Prime+,6.12,8.81,True,2023-08-11
P001057,Produto P001057,Mercearia,Massas,EcoVida,4.77,6.99,True,2024-02-11
P001058,Produto P001058,Mercearia,Enlatados,RioDoce,8.35,12.11,True,2024-06-19
P001059,Produto P001059,Limpeza,Desinfetantes,Nordic,7.06,11.31,False,2024-08-12
P001060,Produto P001060,Mercearia,Snacks,Nordic,4.36,7.57,True,2022-03-16
P001061,Produto P001061,Limpeza,Amaciantes,Nordic,9.01,15.39,False,2022-03-15
P001062,Produto P001062,Frios & Laticínios,Iogurtes,RioDoce,11.91,20.09,True,2022-05-25
P001063,Produto P001063,Mercearia,Enlatados,RioDoce,5.22,7.78,True,2025-01-06
P001064,Produto P001064,Limpeza,Desinfetantes,TopBrasil,2.49,4.06,True,2022-03-28
P001065,Produto P001065,Limpeza,Amaciantes,TopBrasil,3.25,4.34,True,2022-06-12
P001066,Produto P001066,Frios & Laticínios,Requeijão,ValeVerde,7.82,11.5,True,2023-08-11
P001067,Produto P001067,Mercearia,Enlatados,ValeVerde,9.81,13.52,True,2024-09-14
P001068,Produto P001068,Limpeza,Esponjas,EcoVida,20.5,30.48,True,2024-03-07
P001069,Produto P001069,Limpeza,Detergentes,EcoVida,8.28,13.3,True,2023-01-15
P001070,Produto P001070,Higiene,Shampoo,EcoVida,22.24,36.94,True,2024-08-14
P001071,Produto P001071,Higiene,Pasta de dente,ValeVerde,4.54,6.87,True,2024-03-30
P001072,Produto P001072,Bebidas,Refrigerantes,SulMax,14.09,23.59,False,2023-04-28
P001073,Produto P001073,Frios & Laticínios,Leite,Prime+,8.92,11.71,True,2024-03-25
P001074,Produto P001074,Frios & Laticínios,Queijos,Acme,5.63,8.72,True,2022-05-20
P001075,Produto P001075,Higiene,Desodorantes,Acme,8.75,12.34,False,2025-07-26
P001076,Produto P001076,Bebidas,Sucos,TopBrasil,13.77,22.34,True,2022-05-06
P001077,Produto P001077,Bebidas,Energéticos,Acme,5.81,8.98,True,2024-06-07
P001078,Produto P001078,Bebidas,Refrigerantes,EcoVida,15.64,19.57,True,2023-06-01
P001079,Produto P001079,Frios & Laticínios,Iogurtes,EcoVida,29.38,40.79,True,2025-01-26
P001080,Produto P001080,Higiene,Fraldas,Acme,6.53,8.81,True,2024-02-24
P001081,Produto P001081,Limpeza,Detergentes,Acme,16.49,24.74,False,2025-07-14
P001082,Produto P001082,Higiene,Sabonetes,ValeVerde,2.74,4.6,True,2024-01-10
P001083,Produto P001083,Mercearia,Café/Chá,TopBrasil,13.82,23.1,False,2022-01-03
P001084,Produto P001084,Limpeza,Lava-roupas,SulMax,8.83,12.65,True,2024-02-12
P001085,Produto P001085,Mercearia,Snacks,ValeVerde,6.66,9.97,True,2024-10-30
P001086,Produto P001086,Frios & Laticínios,Manteiga,Acme,12.79,18.91,True,2023-10-18
P001087,Produto P001087,Higiene,Fraldas,ValeVerde,12.63,21.26,True,2023-01-31
P001088,Produto P001088,Higiene,Shampoo,EcoVida,9.49,13.76,False,2023-10-13
P001089,Produto P001089,Bebidas,Águas,EcoVida,9.45,13.39,True,2024-03-30
P001090,Produto P001090,Limpeza,Detergentes,EcoVida,7.5,11.37,False,2022-03-31
P001091,Produto P001091,Bebidas,Refrigerantes,SulMax,25.92,38.37,True,2024-03-16
P001092,Produto P001092,Mercearia,Molhos,RioDoce,10.63,14.6,True,2024-11-03
P001093,Produto P001093,Bebidas,Sucos,Prime+,22.48,33.71,True,2025-07-07
P001094,Produto P001094,Higiene,Shampoo,EcoVida,12.72,21.76,True,2022-05-18
P001095,Produto P001095,Bebidas,Águas,TopBrasil,11.08,14.35,True,2022-09-03
P001096,Produto P001096,Frios & Laticínios,Iogurtes,ValeVerde,3.65,5.88,True,2025-05-05
P001097,Produto P001097,Mercearia,Snacks,Nordic,10.33,15.1,True,2022-05-08
P001098,Produto P001098,Bebidas,Sucos,Prime+,5.08,8.36,True,2022-01-26
P001099,Produto P001099,Bebidas,Sucos,TopBrasil,5.23,8.23,True,2023-01-26
P001100,Produto P001100,Mercearia,Massas,TopBrasil,3.92,5.69,True,2022-07-03
P001101,Produto P001101,Mercearia,Snacks,Prime+,4.82,6.42,True,2025-07-18
P001102,Produto P001102,Higiene,Pasta de dente,EcoVida,7.7,9.82,True,2023-05-08
P001103,Produto P001103,Frios & Laticínios,Queijos,EcoVida,4.19,7.0,True,2022-07-24
P001104,Produto P001104,Frios & Laticínios,Leite,RioDoce,6.3,10.36,True,2025-03-17
P001105,Produto P001105,Higiene,Fraldas,RioDoce,4.4,5.67,False,2022-01-09
P001106,Produto P001106,Limpeza,Esponjas,Acme,11.48,16.2,True,2022-08-12
P001107,Produto P001107,Higiene,Pasta de dente,RioDoce,38.59,51.42,True,2022-12-06
P001108,Produto P001108,Frios & Laticínios,Iogurtes,Acme,20.32,26.57,True,2024-11-25
P001109,Produto P001109,Higiene,Shampoo,Nordic,10.78,19.06,False,2024-04-28
P001110,Produto P001110,Frios & Laticínios,Iogurtes,Acme,7.92,11.67,True,2024-02-12
P001111,Produto P001111,Bebidas,Águas,Acme,9.5,14.88,True,2022-04-18
P001112,Produto P001112,Higiene,Sabonetes,Acme,20.16,34.87,True,2024-02-14
P001113,Produto P001113,Mercearia,Enlatados,Nordic,14.43,22.82,True,2022-02-09
P001114,Produto P001114,Mercearia,Café/Chá,Nordic,12.07,17.21,True,2025-03-07
P001115,Produto P001115,Bebidas,Sucos,ValeVerde,7.26,9.25,True,2022-10-31
P001116,Produto P001116,Limpeza,Desinfetantes,EcoVida,6.83,9.29,True,2023-02-11
P001117,Produto P001117,Mercearia,Café/Chá,ValeVerde,10.67,18.36,True,2022-03-28
P001118,Produto P001118,Frios & Laticínios,Iogurtes,RioDoce,16.92,25.56,True,2023-10-06
P001119,Produto P001119,Bebidas,Cervejas,TopBrasil,10.23,17.6,True,2022-06-27
P001120,Produto P001120,Limpeza,Amaciantes,RioDoce,5.94,9.78,True,2025-07-21
P001121,Produto P001121,Limpeza,Esponjas,ValeVerde,9.45,12.14,True,2023-01-02
P001122,Produto P001122,Frios & Laticínios,Manteiga,TopBrasil,14.11,21.93,True,2024-10-05
P001123,Produto P001123,Higiene,Fraldas,SulMax,5.95,8.47,True,2025-02-03
P001124,Produto P001124,Higiene,Desodorantes,ValeVerde,20.62,31.78,True,2022-02-07
P001125,Produto P001125,Frios & Laticínios,Leite,Acme,7.23,11.47,True,2024-10-20
P001126,Produto P001126,Limpeza,Amaciantes,Prime+,15.02,22.1,True,2024-11-20
P001127,Produto P001127,Frios & Laticínios,Manteiga,Prime+,15.16,27.04,True,2025-05-18
P001128,Produto P001128,Bebidas,Cervejas,EcoVida,4.71,7.36,True,2024-05-20
P001129,Produto P001129,Mercearia,Massas,Nordic,16.48,26.18,True,2022-02-04
P001130,Produto P001130,Limpeza,Detergentes,SulMax,30.54,42.11,False,2024-07-06
P001131,Produto P001131,Limpeza,Lava-roupas,Nordic,10.89,16.37,True,2023-12-04
P001132,Produto P001132,Higiene,Shampoo,Prime+,12.84,20.96,True,2023-08-07
P001133,Produto P001133,Limpeza,Esponjas,TopBrasil,13.41,19.32,False,2025-02-21
P001134,Produto P001134,Bebidas,Sucos,Nordic,11.29,19.47,True,2024-03-05
P001135,Produto P001135,Limpeza,Desinfetantes,RioDoce,16.97,21.46,True,2023-02-04
P001136,Produto P001136,Limpeza,Esponjas,SulMax,10.99,16.15,True,2022-07-16
P001137,Produto P001137,Frios & Laticínios,Requeijão,EcoVida,12.58,22.29,True,2025-06-14
P001138,Produto P001138,Frios & Laticínios,Iogurtes,EcoVida,9.5,14.93,True,2025-03-01
P001139,Produto P001139,Higiene,Sabonetes,RioDoce,6.62,9.22,True,2023-07-17
P001140,Produto P001140,Limpeza,Detergentes,RioDoce,6.28,9.83,True,2024-09-01
P001141,Produto P001141,Higiene,Fraldas,Prime+,10.14,15.71,True,2022-01-22
P001142,Produto P001142,Frios & Laticínios,Queijos,Nordic,8.94,15.91,True,2023-10-23
P001143,Produto P001143,Limpeza,Desinfetantes,Acme,4.71,6.07,True,2023-03-12
P001144,Produto P001144,Higiene,Fraldas,Prime+,7.63,10.17,True,2025-04-02
P001145,Produto P001145,Frios & Laticínios,Queijos,Nordic,6.58,10.52,True,2024-12-05
P001146,Produto P001146,Mercearia,Café/Chá,Acme,3.42,5.68,True,2024-03-28
P001147,Produto P001147,Frios & Laticínios,Leite,Prime+,3.72,5.74,True,2022-12-25
P001148,Produto P001148,Mercearia,Snacks,Nordic,10.98,16.79,True,2023-10-10
P001149,Produto P001149,Higiene,Shampoo,TopBrasil,9.93,15.94,False,2023-11-12
P001150,Produto P001150,Bebidas,Energéticos,TopBrasil,6.82,11.31,True,2022-10-03
P001151,Produto P001151,Higiene,Fraldas,Nordic,7.8,11.08,True,2022-04-07
P001152,Produto P001152,Limpeza,Lava-roupas,SulMax,5.33,8.04,True,2023-04-25
P001153,Produto P001153,Higiene,Fraldas,SulMax,11.67,18.06,True,2025-03-19
P001154,Produto P001154,Frios & Laticínios,Manteiga,ValeVerde,3.07,4.45,True,2025-07-05
P001155,Produto P001155,Higiene,Desodorantes,RioDoce,9.65,16.37,True,2024-03-28
P001156,Produto P001156,Higiene,Shampoo,Prime+,7.88,11.99,True,2024-02-14
P001157,Produto P001157,Bebidas,Refrigerantes,Nordic,12.16,21.12,True,2022-09-07
P001158,Produto P001158,Frios & Laticínios,Manteiga,Nordic,9.76,12.7,True,2025-02-05
P001159,Produto P001159,Frios & Laticínios,Leite,Nordic,9.38,14.56,True,2023-04-28
P001160,Produto P001160,Limpeza,Lava-roupas,Prime+,7.46,11.62,True,2022-08-14
P001161,Produto P001161,Mercearia,Snacks,Acme,9.79,12.54,True,2024-02-13
P001162,Produto P001162,Higiene,Fraldas,Acme,9.37,12.54,True,2023-10-26
P001163,Produto P001163,Higiene,Desodorantes,Prime+,17.58,26.7,True,2024-03-29
P001164,Produto P001164,Higiene,Shampoo,Acme,5.85,8.78,True,2023-11-27
P001165,Produto P001165,Bebidas,Sucos,RioDoce,9.19,14.34,True,2022-09-13
P001166,Produto P001166,Limpeza,Lava-roupas,EcoVida,11.68,15.92,True,2023-03-31
P001167,Produto P001167,Frios & Laticínios,Manteiga,SulMax,12.67,20.44,True,2024-03-23
P001168,Produto P001168,Bebidas,Sucos,TopBrasil,9.85,14.03,True,2024-11-21
P001169,Produto P001169,Higiene,Fraldas,Nordic,15.94,24.25,True,2025-02-17
P001170,Produto P001170,Frios & Laticínios,Requeijão,ValeVerde,2.78,3.79,True,2023-10-15
P001171,Produto P001171,Frios & Laticínios,Manteiga,Acme,5.85,9.91,True,2025-06-02
P001172,Produto P001172,Frios & Laticínios,Manteiga,EcoVida,10.16,13.75,True,2024-04-21
P001173,Produto P001173,Frios & Laticínios,Leite,RioDoce,7.78,11.69,False,2023-03-04
P001174,Produto P001174,Frios & Laticínios,Requeijão,SulMax,10.25,13.77,True,2022-08-22
P001175,Produto P001175,Frios & Laticínios,Manteiga,Nordic,12.75,16.61,True,2024-01-13
P001176,Produto P001176,Mercearia,Snacks,TopBrasil,8.32,10.89,False,2024-08-15
P001177,Produto P001177,Mercearia,Café/Chá,Acme,10.68,14.98,True,2023-06-09
P001178,Produto P001178,Mercearia,Massas,TopBrasil,6.54,10.49,True,2024-12-10
P001179,Produto P001179,Bebidas,Refrigerantes,Acme,7.05,9.27,True,2023-08-02
P001180,Produto P001180,Bebidas,Cervejas,EcoVida,7.92,11.68,True,2025-05-11
P001181,Produto P001181,Higiene,Sabonetes,SulMax,10.79,15.78,True,2024-12-31
P001182,Produto P001182,Mercearia,Café/Chá,EcoVida,9.21,13.87,True,2025-01-24
P001183,Produto P001183,Higiene,Pasta de dente,Acme,14.86,24.31,True,2024-05-21
P001184,Produto P001184,Frios & Laticínios,Requeijão,EcoVida,15.7,23.57,True,2022-05-16
P001185,Produto P001185,Limpeza,Amaciantes,Nordic,14.64,21.86,True,2023-10-31
P001186,Produto P001186,Frios & Laticínios,Queijos,EcoVida,8.91,13.88,True,2022-10-16
P001187,Produto P001187,Limpeza,Detergentes,Nordic,3.98,6.81,True,2022-05-15
P001188,Produto P001188,Higiene,Shampoo,SulMax,17.39,22.11,True,2022-09-28
P001189,Produto P001189,Higiene,Shampoo,Nordic,8.34,10.66,True,2023-05-04
P001190,Produto P001190,Frios & Laticínios,Leite,EcoVida,9.94,17.48,True,2024-06-04
P001191,Produto P001191,Higiene,Desodorantes,Acme,9.41,14.93,True,2023-09-10
P001192,Produto P001192,Higiene,Pasta de dente,ValeVerde,7.32,10.34,True,2024-09-13
P001193,Produto P001193,Mercearia,Enlatados,Prime+,9.65,15.18,True,2023-06-10
P001194,Produto P001194,Bebidas,Cervejas,ValeVerde,3.53,5.53,True,2023-08-01
P001195,Produto P001195,Mercearia,Enlatados,Acme,4.54,7.9,True,2023-09-21
P001196,Produto P001196,Frios & Laticínios,Manteiga,TopBrasil,10.17,16.53,True,2023-02-28
P001197,Produto P001197,Frios & Laticínios,Requeijão,ValeVerde,7.03,9.4,True,2022-11-03
P001198,Produto P001198,Bebidas,Energéticos,EcoVida,5.77,8.79,True,2024-05-28
P001199,Produto P001199,Limpeza,Desinfetantes,Acme,10.9,18.37,True,2023-10-20
P001200,Produto P001200,Frios & Laticínios,Queijos,TopBrasil,16.96,22.89,True,2025-06-21
